condition,architecture,seed,samples,correct,errors,accuracy,balanced_accuracy,macro_precision,macro_recall,macro_f1
bright,small_cnn,13,180,91,89,0.5055555555555555,0.5055555555555555,0.6333965953531171,0.5055555555555555,0.45395306941741903
bright,small_cnn,37,180,70,110,0.3888888888888889,0.3888888888888889,0.42605068641915966,0.3888888888888889,0.3225253085506825
bright,small_cnn,73,180,83,97,0.46111111111111114,0.4611111111111111,0.5575528723676871,0.4611111111111111,0.39941155618277835
bright,resnet18_scratch,13,180,105,75,0.5833333333333334,0.5833333333333334,0.6361400780635141,0.5833333333333334,0.5480941370827279
bright,resnet18_scratch,37,180,88,92,0.4888888888888889,0.4888888888888889,0.5735093452585712,0.4888888888888889,0.43828749998261485
bright,resnet18_scratch,73,180,102,78,0.5666666666666667,0.5666666666666667,0.6269788464872874,0.5666666666666667,0.5142424402429774
bright,resnet18_pretrained,13,180,147,33,0.8166666666666667,0.8166666666666667,0.854751279575964,0.8166666666666667,0.8037622452808315
bright,resnet18_pretrained,37,180,147,33,0.8166666666666667,0.8166666666666667,0.8456594934855804,0.8166666666666667,0.8105392011611996
bright,resnet18_pretrained,73,180,141,39,0.7833333333333333,0.7833333333333333,0.8303535104704696,0.7833333333333333,0.760375354023211
bright,deit_tiny_pretrained,13,180,159,21,0.8833333333333333,0.8833333333333333,0.9034391534391535,0.8833333333333333,0.8833267194948838
bright,deit_tiny_pretrained,37,180,157,23,0.8722222222222222,0.8722222222222222,0.8898182427594192,0.8722222222222222,0.8705162816384266
bright,deit_tiny_pretrained,73,180,155,25,0.8611111111111112,0.8611111111111112,0.8834954720266037,0.8611111111111112,0.8462509083854872
lowres,small_cnn,13,180,106,74,0.5888888888888889,0.5888888888888889,0.5873602042080303,0.5888888888888889,0.561270769400612
lowres,small_cnn,37,180,108,72,0.6,0.6,0.630189778015865,0.6,0.5783617014472638
lowres,small_cnn,73,180,106,74,0.5888888888888889,0.5888888888888889,0.6236917290842919,0.5888888888888889,0.5676516924507924
lowres,resnet18_scratch,13,180,120,60,0.6666666666666666,0.6666666666666666,0.680488341844551,0.6666666666666666,0.6605375411696053
lowres,resnet18_scratch,37,180,121,59,0.6722222222222223,0.6722222222222223,0.6909796577728267,0.6722222222222223,0.6653314984612612
lowres,resnet18_scratch,73,180,124,56,0.6888888888888889,0.6888888888888889,0.7128527374890437,0.6888888888888889,0.6846040901201315
lowres,resnet18_pretrained,13,180,156,24,0.8666666666666667,0.8666666666666667,0.8921663530732158,0.8666666666666667,0.863618386939621
lowres,resnet18_pretrained,37,180,157,23,0.8722222222222222,0.8722222222222222,0.8951783580815839,0.8722222222222222,0.8694555781200124
lowres,resnet18_pretrained,73,180,156,24,0.8666666666666667,0.8666666666666667,0.8840499852596627,0.8666666666666667,0.8624914381011942
lowres,deit_tiny_pretrained,13,180,159,21,0.8833333333333333,0.8833333333333333,0.9124993857192,0.8833333333333333,0.8855632736730298
lowres,deit_tiny_pretrained,37,180,151,29,0.8388888888888889,0.8388888888888889,0.8631393298059965,0.8388888888888889,0.8371547639840322
lowres,deit_tiny_pretrained,73,180,154,26,0.8555555555555555,0.8555555555555555,0.8803284745313731,0.8555555555555555,0.8545977340359358
