condition,architecture,seed,class_name,precision,recall,f1,support
bright,small_cnn,13,airport,0.5,0.05,0.09090909090909091,20
bright,small_cnn,13,baseball_diamond,0.8666666666666667,0.65,0.7428571428571429,20
bright,small_cnn,13,beach,0.4166666666666667,1.0,0.5882352941176471,20
bright,small_cnn,13,bridge,0.5,0.05,0.09090909090909091,20
bright,small_cnn,13,church,0.2898550724637681,1.0,0.44943820224719105,20
bright,small_cnn,13,commercial_area,0.375,0.15,0.21428571428571425,20
bright,small_cnn,13,dense_residential,0.8,0.4,0.5333333333333333,20
bright,small_cnn,13,desert,0.9523809523809523,1.0,0.975609756097561,20
bright,small_cnn,13,forest,1.0,0.25,0.4,20
bright,small_cnn,37,airport,0.0,0.0,0.0,20
bright,small_cnn,37,baseball_diamond,0.0,0.0,0.0,20
bright,small_cnn,37,beach,0.3958333333333333,0.95,0.5588235294117647,20
bright,small_cnn,37,bridge,0.0,0.0,0.0,20
bright,small_cnn,37,church,0.2247191011235955,1.0,0.36697247706422015,20
bright,small_cnn,37,commercial_area,0.2727272727272727,0.15,0.19354838709677416,20
bright,small_cnn,37,dense_residential,1.0,0.35,0.5185185185185185,20
bright,small_cnn,37,desert,0.9411764705882353,0.8,0.8648648648648648,20
bright,small_cnn,37,forest,1.0,0.25,0.4,20
bright,small_cnn,73,airport,1.0,0.05,0.09523809523809523,20
bright,small_cnn,73,baseball_diamond,0.8571428571428571,0.6,0.7058823529411764,20
bright,small_cnn,73,beach,0.46153846153846156,0.9,0.6101694915254238,20
bright,small_cnn,73,bridge,0.0,0.0,0.0,20
bright,small_cnn,73,church,0.24691358024691357,1.0,0.396039603960396,20
bright,small_cnn,73,commercial_area,0.0,0.0,0.0,20
bright,small_cnn,73,dense_residential,0.5,0.35,0.4117647058823529,20
bright,small_cnn,73,desert,0.9523809523809523,1.0,0.975609756097561,20
bright,small_cnn,73,forest,1.0,0.25,0.4,20
bright,resnet18_scratch,13,airport,0.2,0.05,0.08000000000000002,20
bright,resnet18_scratch,13,baseball_diamond,0.85,0.85,0.85,20
bright,resnet18_scratch,13,beach,0.3673469387755102,0.9,0.5217391304347826,20
bright,resnet18_scratch,13,bridge,0.8571428571428571,0.3,0.4444444444444444,20
bright,resnet18_scratch,13,church,0.5833333333333334,0.7,0.6363636363636365,20
bright,resnet18_scratch,13,commercial_area,0.5384615384615384,0.7,0.608695652173913,20
bright,resnet18_scratch,13,dense_residential,0.5882352941176471,0.5,0.5405405405405405,20
bright,resnet18_scratch,13,desert,0.7407407407407407,1.0,0.851063829787234,20
bright,resnet18_scratch,13,forest,1.0,0.25,0.4,20
bright,resnet18_scratch,37,airport,0.0,0.0,0.0,20
bright,resnet18_scratch,37,baseball_diamond,0.8823529411764706,0.75,0.8108108108108107,20
bright,resnet18_scratch,37,beach,0.3333333333333333,0.85,0.4788732394366197,20
bright,resnet18_scratch,37,bridge,0.8,0.2,0.32000000000000006,20
bright,resnet18_scratch,37,church,0.3235294117647059,0.55,0.4074074074074075,20
bright,resnet18_scratch,37,commercial_area,0.4473684210526316,0.85,0.5862068965517242,20
bright,resnet18_scratch,37,dense_residential,0.6666666666666666,0.2,0.30769230769230765,20
bright,resnet18_scratch,37,desert,0.7083333333333334,0.85,0.7727272727272727,20
bright,resnet18_scratch,37,forest,1.0,0.15,0.2608695652173913,20
bright,resnet18_scratch,73,airport,0.0,0.0,0.0,20
bright,resnet18_scratch,73,baseball_diamond,0.8947368421052632,0.85,0.8717948717948718,20
bright,resnet18_scratch,73,beach,0.37735849056603776,1.0,0.5479452054794521,20
bright,resnet18_scratch,73,bridge,0.8333333333333334,0.25,0.3846153846153846,20
bright,resnet18_scratch,73,church,0.4,0.7,0.509090909090909,20
bright,resnet18_scratch,73,commercial_area,0.56,0.7,0.6222222222222222,20
bright,resnet18_scratch,73,dense_residential,0.7857142857142857,0.55,0.6470588235294117,20
bright,resnet18_scratch,73,desert,0.7916666666666666,0.95,0.8636363636363635,20
bright,resnet18_scratch,73,forest,1.0,0.1,0.18181818181818182,20
bright,resnet18_pretrained,13,airport,0.8571428571428571,0.3,0.4444444444444444,20
bright,resnet18_pretrained,13,baseball_diamond,0.9523809523809523,1.0,0.975609756097561,20
bright,resnet18_pretrained,13,beach,0.6451612903225806,1.0,0.7843137254901961,20
bright,resnet18_pretrained,13,bridge,1.0,0.95,0.9743589743589743,20
bright,resnet18_pretrained,13,church,0.6333333333333333,0.95,0.7599999999999999,20
bright,resnet18_pretrained,13,commercial_area,0.6956521739130435,0.8,0.7441860465116279,20
bright,resnet18_pretrained,13,dense_residential,1.0,0.8,0.888888888888889,20
bright,resnet18_pretrained,13,desert,0.9090909090909091,1.0,0.9523809523809523,20
bright,resnet18_pretrained,13,forest,1.0,0.55,0.7096774193548387,20
bright,resnet18_pretrained,37,airport,1.0,0.4,0.5714285714285715,20
bright,resnet18_pretrained,37,baseball_diamond,0.9090909090909091,1.0,0.9523809523809523,20
bright,resnet18_pretrained,37,beach,0.8260869565217391,0.95,0.8837209302325583,20
bright,resnet18_pretrained,37,bridge,1.0,1.0,1.0,20
bright,resnet18_pretrained,37,church,0.6666666666666666,0.9,0.7659574468085106,20
bright,resnet18_pretrained,37,commercial_area,0.5,0.6,0.5454545454545454,20
bright,resnet18_pretrained,37,dense_residential,0.8,0.8,0.8000000000000002,20
bright,resnet18_pretrained,37,desert,0.9090909090909091,1.0,0.9523809523809523,20
bright,resnet18_pretrained,37,forest,1.0,0.7,0.8235294117647058,20
bright,resnet18_pretrained,73,airport,1.0,0.25,0.4,20
bright,resnet18_pretrained,73,baseball_diamond,0.8636363636363636,0.95,0.9047619047619048,20
bright,resnet18_pretrained,73,beach,0.5714285714285714,0.8,0.6666666666666666,20
bright,resnet18_pretrained,73,bridge,1.0,1.0,1.0,20
bright,resnet18_pretrained,73,church,0.7037037037037037,0.95,0.8085106382978724,20
bright,resnet18_pretrained,73,commercial_area,0.6923076923076923,0.9,0.7826086956521738,20
bright,resnet18_pretrained,73,dense_residential,0.8421052631578947,0.8,0.8205128205128205,20
bright,resnet18_pretrained,73,desert,0.8,1.0,0.888888888888889,20
bright,resnet18_pretrained,73,forest,1.0,0.4,0.5714285714285715,20
bright,deit_tiny_pretrained,13,airport,1.0,0.6,0.7499999999999999,20
bright,deit_tiny_pretrained,13,baseball_diamond,0.9523809523809523,1.0,0.975609756097561,20
bright,deit_tiny_pretrained,13,beach,0.8333333333333334,1.0,0.9090909090909091,20
bright,deit_tiny_pretrained,13,bridge,1.0,0.95,0.9743589743589743,20
bright,deit_tiny_pretrained,13,church,0.6666666666666666,0.7,0.6829268292682926,20
bright,deit_tiny_pretrained,13,commercial_area,0.6785714285714286,0.95,0.7916666666666667,20
bright,deit_tiny_pretrained,13,dense_residential,1.0,0.9,0.9473684210526316,20
bright,deit_tiny_pretrained,13,desert,1.0,1.0,1.0,20
bright,deit_tiny_pretrained,13,forest,1.0,0.85,0.9189189189189189,20
bright,deit_tiny_pretrained,37,airport,0.8461538461538461,0.55,0.6666666666666667,20
bright,deit_tiny_pretrained,37,baseball_diamond,1.0,1.0,1.0,20
bright,deit_tiny_pretrained,37,beach,0.9090909090909091,1.0,0.9523809523809523,20
bright,deit_tiny_pretrained,37,bridge,1.0,1.0,1.0,20
bright,deit_tiny_pretrained,37,church,0.6470588235294118,0.55,0.5945945945945946,20
bright,deit_tiny_pretrained,37,commercial_area,0.6060606060606061,1.0,0.7547169811320755,20
bright,deit_tiny_pretrained,37,dense_residential,1.0,0.85,0.9189189189189189,20
bright,deit_tiny_pretrained,37,desert,1.0,1.0,1.0,20
bright,deit_tiny_pretrained,37,forest,1.0,0.9,0.9473684210526316,20
bright,deit_tiny_pretrained,73,airport,1.0,0.3,0.4615384615384615,20
bright,deit_tiny_pretrained,73,baseball_diamond,0.9090909090909091,1.0,0.9523809523809523,20
bright,deit_tiny_pretrained,73,beach,0.9411764705882353,0.8,0.8648648648648648,20
bright,deit_tiny_pretrained,73,bridge,0.9523809523809523,1.0,0.975609756097561,20
bright,deit_tiny_pretrained,73,church,0.68,0.85,0.7555555555555556,20
bright,deit_tiny_pretrained,73,commercial_area,0.7407407407407407,1.0,0.851063829787234,20
bright,deit_tiny_pretrained,73,dense_residential,0.9473684210526315,0.9,0.9230769230769231,20
bright,deit_tiny_pretrained,73,desert,0.8333333333333334,1.0,0.9090909090909091,20
bright,deit_tiny_pretrained,73,forest,0.9473684210526315,0.9,0.9230769230769231,20
lowres,small_cnn,13,airport,0.5217391304347826,0.6,0.5581395348837209,20
lowres,small_cnn,13,baseball_diamond,0.8260869565217391,0.95,0.8837209302325583,20
lowres,small_cnn,13,beach,0.4523809523809524,0.95,0.6129032258064516,20
lowres,small_cnn,13,bridge,0.5,0.15,0.23076923076923075,20
lowres,small_cnn,13,church,0.6875,0.55,0.6111111111111112,20
lowres,small_cnn,13,commercial_area,0.34615384615384615,0.45,0.3913043478260869,20
lowres,small_cnn,13,dense_residential,0.0,0.0,0.0,20
lowres,small_cnn,13,desert,0.9523809523809523,1.0,0.975609756097561,20
lowres,small_cnn,13,forest,1.0,0.65,0.787878787878788,20
lowres,small_cnn,37,airport,0.6666666666666666,0.7,0.6829268292682926,20
lowres,small_cnn,37,baseball_diamond,0.8260869565217391,0.95,0.8837209302325583,20
lowres,small_cnn,37,beach,0.48717948717948717,0.95,0.6440677966101694,20
lowres,small_cnn,37,bridge,0.8,0.2,0.32000000000000006,20
lowres,small_cnn,37,church,0.6666666666666666,0.5,0.5714285714285715,20
lowres,small_cnn,37,commercial_area,0.2727272727272727,0.45,0.339622641509434,20
lowres,small_cnn,37,dense_residential,0.0,0.0,0.0,20
lowres,small_cnn,37,desert,0.9523809523809523,1.0,0.975609756097561,20
lowres,small_cnn,37,forest,1.0,0.65,0.787878787878788,20
lowres,small_cnn,73,airport,0.625,0.5,0.5555555555555556,20
lowres,small_cnn,73,baseball_diamond,0.8181818181818182,0.9,0.8571428571428572,20
lowres,small_cnn,73,beach,0.4634146341463415,0.95,0.6229508196721312,20
lowres,small_cnn,73,bridge,0.75,0.15,0.24999999999999997,20
lowres,small_cnn,73,church,0.7894736842105263,0.75,0.7692307692307692,20
lowres,small_cnn,73,commercial_area,0.25806451612903225,0.4,0.3137254901960784,20
lowres,small_cnn,73,dense_residential,0.0,0.0,0.0,20
lowres,small_cnn,73,desert,0.9090909090909091,1.0,0.9523809523809523,20
lowres,small_cnn,73,forest,1.0,0.65,0.787878787878788,20
lowres,resnet18_scratch,13,airport,0.47058823529411764,0.4,0.4324324324324324,20
lowres,resnet18_scratch,13,baseball_diamond,0.9523809523809523,1.0,0.975609756097561,20
lowres,resnet18_scratch,13,beach,0.6060606060606061,1.0,0.7547169811320755,20
lowres,resnet18_scratch,13,bridge,0.875,0.7,0.7777777777777777,20
lowres,resnet18_scratch,13,church,0.625,0.5,0.5555555555555556,20
lowres,resnet18_scratch,13,commercial_area,0.4074074074074074,0.55,0.46808510638297873,20
lowres,resnet18_scratch,13,dense_residential,0.3125,0.25,0.2777777777777778,20
lowres,resnet18_scratch,13,desert,0.9523809523809523,1.0,0.975609756097561,20
lowres,resnet18_scratch,13,forest,0.9230769230769231,0.6,0.7272727272727274,20
lowres,resnet18_scratch,37,airport,0.38095238095238093,0.4,0.3902439024390244,20
lowres,resnet18_scratch,37,baseball_diamond,0.9523809523809523,1.0,0.975609756097561,20
lowres,resnet18_scratch,37,beach,0.6129032258064516,0.95,0.7450980392156863,20
lowres,resnet18_scratch,37,bridge,0.8235294117647058,0.7,0.7567567567567567,20
lowres,resnet18_scratch,37,church,0.6190476190476191,0.65,0.6341463414634146,20
lowres,resnet18_scratch,37,commercial_area,0.4230769230769231,0.55,0.47826086956521735,20
lowres,resnet18_scratch,37,dense_residential,0.45454545454545453,0.25,0.3225806451612903,20
lowres,resnet18_scratch,37,desert,0.9523809523809523,1.0,0.975609756097561,20
lowres,resnet18_scratch,37,forest,1.0,0.55,0.7096774193548387,20
lowres,resnet18_scratch,73,airport,0.45454545454545453,0.5,0.47619047619047616,20
lowres,resnet18_scratch,73,baseball_diamond,0.95,0.95,0.9500000000000001,20
lowres,resnet18_scratch,73,beach,0.6129032258064516,0.95,0.7450980392156863,20
lowres,resnet18_scratch,73,bridge,0.8823529411764706,0.75,0.8108108108108107,20
lowres,resnet18_scratch,73,church,0.5714285714285714,0.6,0.5853658536585366,20
lowres,resnet18_scratch,73,commercial_area,0.4444444444444444,0.6,0.5106382978723405,20
lowres,resnet18_scratch,73,dense_residential,0.5,0.25,0.3333333333333333,20
lowres,resnet18_scratch,73,desert,1.0,1.0,1.0,20
lowres,resnet18_scratch,73,forest,1.0,0.6,0.7499999999999999,20
lowres,resnet18_pretrained,13,airport,0.9411764705882353,0.8,0.8648648648648648,20
lowres,resnet18_pretrained,13,baseball_diamond,0.9090909090909091,1.0,0.9523809523809523,20
lowres,resnet18_pretrained,13,beach,0.9090909090909091,1.0,0.9523809523809523,20
lowres,resnet18_pretrained,13,bridge,1.0,1.0,1.0,20
lowres,resnet18_pretrained,13,church,0.85,0.85,0.85,20
lowres,resnet18_pretrained,13,commercial_area,0.53125,0.85,0.6538461538461537,20
lowres,resnet18_pretrained,13,dense_residential,0.8888888888888888,0.4,0.5517241379310346,20
lowres,resnet18_pretrained,13,desert,1.0,1.0,1.0,20
lowres,resnet18_pretrained,13,forest,1.0,0.9,0.9473684210526316,20
lowres,resnet18_pretrained,37,airport,0.9444444444444444,0.85,0.8947368421052632,20
lowres,resnet18_pretrained,37,baseball_diamond,0.9523809523809523,1.0,0.975609756097561,20
lowres,resnet18_pretrained,37,beach,0.9523809523809523,1.0,0.975609756097561,20
lowres,resnet18_pretrained,37,bridge,1.0,0.95,0.9743589743589743,20
lowres,resnet18_pretrained,37,church,0.85,0.85,0.85,20
lowres,resnet18_pretrained,37,commercial_area,0.5161290322580645,0.8,0.6274509803921569,20
lowres,resnet18_pretrained,37,dense_residential,0.8888888888888888,0.4,0.5517241379310346,20
lowres,resnet18_pretrained,37,desert,0.9523809523809523,1.0,0.975609756097561,20
lowres,resnet18_pretrained,37,forest,1.0,1.0,1.0,20
lowres,resnet18_pretrained,73,airport,0.9375,0.75,0.8333333333333334,20
lowres,resnet18_pretrained,73,baseball_diamond,0.9090909090909091,1.0,0.9523809523809523,20
lowres,resnet18_pretrained,73,beach,0.9090909090909091,1.0,0.9523809523809523,20
lowres,resnet18_pretrained,73,bridge,1.0,0.95,0.9743589743589743,20
lowres,resnet18_pretrained,73,church,0.9,0.9,0.9,20
lowres,resnet18_pretrained,73,commercial_area,0.5483870967741935,0.85,0.6666666666666665,20
lowres,resnet18_pretrained,73,dense_residential,0.8,0.4,0.5333333333333333,20
lowres,resnet18_pretrained,73,desert,0.9523809523809523,1.0,0.975609756097561,20
lowres,resnet18_pretrained,73,forest,1.0,0.95,0.9743589743589743,20
lowres,deit_tiny_pretrained,13,airport,0.9473684210526315,0.9,0.9230769230769231,20
lowres,deit_tiny_pretrained,13,baseball_diamond,1.0,1.0,1.0,20
lowres,deit_tiny_pretrained,13,beach,0.9523809523809523,1.0,0.975609756097561,20
lowres,deit_tiny_pretrained,13,bridge,1.0,0.95,0.9743589743589743,20
lowres,deit_tiny_pretrained,13,church,0.8666666666666667,0.65,0.7428571428571429,20
lowres,deit_tiny_pretrained,13,commercial_area,0.5294117647058824,0.9,0.6666666666666667,20
lowres,deit_tiny_pretrained,13,dense_residential,0.9166666666666666,0.55,0.6874999999999999,20
lowres,deit_tiny_pretrained,13,desert,1.0,1.0,1.0,20
lowres,deit_tiny_pretrained,13,forest,1.0,1.0,1.0,20
lowres,deit_tiny_pretrained,37,airport,1.0,0.85,0.9189189189189189,20
lowres,deit_tiny_pretrained,37,baseball_diamond,0.9523809523809523,1.0,0.975609756097561,20
lowres,deit_tiny_pretrained,37,beach,0.9523809523809523,1.0,0.975609756097561,20
lowres,deit_tiny_pretrained,37,bridge,1.0,0.95,0.9743589743589743,20
lowres,deit_tiny_pretrained,37,church,0.8666666666666667,0.65,0.7428571428571429,20
lowres,deit_tiny_pretrained,37,commercial_area,0.4444444444444444,0.8,0.5714285714285714,20
lowres,deit_tiny_pretrained,37,dense_residential,0.6,0.3,0.4,20
lowres,deit_tiny_pretrained,37,desert,0.9523809523809523,1.0,0.975609756097561,20
lowres,deit_tiny_pretrained,37,forest,1.0,1.0,1.0,20
lowres,deit_tiny_pretrained,73,airport,1.0,0.7,0.8235294117647058,20
lowres,deit_tiny_pretrained,73,baseball_diamond,0.8695652173913043,1.0,0.9302325581395349,20
lowres,deit_tiny_pretrained,73,beach,1.0,1.0,1.0,20
lowres,deit_tiny_pretrained,73,bridge,1.0,1.0,1.0,20
lowres,deit_tiny_pretrained,73,church,0.8888888888888888,0.8,0.8421052631578948,20
lowres,deit_tiny_pretrained,73,commercial_area,0.48484848484848486,0.8,0.6037735849056605,20
lowres,deit_tiny_pretrained,73,dense_residential,0.7272727272727273,0.4,0.5161290322580645,20
lowres,deit_tiny_pretrained,73,desert,0.9523809523809523,1.0,0.975609756097561,20
lowres,deit_tiny_pretrained,73,forest,1.0,1.0,1.0,20
