condition,architecture,class_name,runs,precision_mean,precision_std,recall_mean,recall_std,f1_mean,f1_std
bright,deit_tiny_pretrained,airport,3,0.9487179487179487,0.0888231183368655,0.48333333333333334,0.16072751268321592,0.6260683760683761,0.14845430506565593
bright,deit_tiny_pretrained,baseball_diamond,3,0.9538239538239538,0.04547172079823589,1.0,0.0,0.9759969028261711,0.02381188434329353
bright,deit_tiny_pretrained,beach,3,0.8945335710041592,0.05537574046795091,0.9333333333333333,0.11547005383792512,0.9087789087789088,0.04375887797552502
bright,deit_tiny_pretrained,bridge,3,0.9841269841269841,0.02749286996141078,0.9833333333333333,0.028867513459481315,0.9833229101521784,0.014456317237928559
bright,deit_tiny_pretrained,church,3,0.6645751633986928,0.016569884316330278,0.7,0.14999999999999997,0.6776923264728143,0.08060805017494163
bright,deit_tiny_pretrained,commercial_area,3,0.6751242584575918,0.06740620821341382,0.9833333333333333,0.028867513459481315,0.7991491591953255,0.04860729968097467
bright,deit_tiny_pretrained,dense_residential,3,0.9824561403508771,0.030386856273138228,0.8833333333333333,0.028867513459481315,0.9297880876828245,0.015366305368879661
bright,deit_tiny_pretrained,desert,3,0.9444444444444444,0.0962250448649376,1.0,0.0,0.9696969696969697,0.05248638810814781
bright,deit_tiny_pretrained,forest,3,0.9824561403508771,0.030386856273138228,0.8833333333333333,0.028867513459481315,0.9297880876828245,0.015366305368879661
bright,resnet18_pretrained,airport,3,0.9523809523809523,0.08247860988423228,0.31666666666666665,0.07637626158259735,0.47195767195767196,0.08896444256924323
bright,resnet18_pretrained,baseball_diamond,3,0.9083694083694084,0.044376693548865136,0.9833333333333333,0.028867513459481315,0.9442508710801394,0.036116868305380266
bright,resnet18_pretrained,beach,3,0.6808922727576304,0.1310353028916078,0.9166666666666666,0.1040832999733066,0.778233774129807,0.10865478677647576
bright,resnet18_pretrained,bridge,3,1.0,0.0,0.9833333333333333,0.028867513459481315,0.9914529914529915,0.014803853056144262
bright,resnet18_pretrained,church,3,0.6679012345679012,0.03520142575156361,0.9333333333333333,0.02886751345948125,0.7781560283687943,0.026456087221638107
bright,resnet18_pretrained,commercial_area,3,0.6293199554069119,0.11200685041164402,0.7666666666666667,0.1527525231651947,0.6907497625394491,0.12728747021037196
bright,resnet18_pretrained,dense_residential,3,0.8807017543859649,0.10543845053555592,0.8,0.0,0.8364672364672365,0.046542627593531914
bright,resnet18_pretrained,desert,3,0.8727272727272727,0.06298366572977732,1.0,0.0,0.9312169312169312,0.0366571599485476
bright,resnet18_pretrained,forest,3,1.0,0.0,0.55,0.14999999999999997,0.7015451341827054,0.1262470156920034
bright,resnet18_scratch,airport,3,0.06666666666666667,0.11547005383792516,0.016666666666666666,0.02886751345948129,0.026666666666666672,0.04618802153517007
bright,resnet18_scratch,baseball_diamond,3,0.8756965944272446,0.02309927432674587,0.8166666666666667,0.05773502691896256,0.8442018942018942,0.030902709374121887
bright,resnet18_scratch,beach,3,0.3593462542249604,0.023077301235177865,0.9166666666666666,0.07637626158259735,0.5161858584502848,0.03486923064186971
bright,resnet18_scratch,bridge,3,0.8301587301587302,0.028703398920674757,0.25,0.04999999999999999,0.383019943019943,0.062237561116137485
bright,resnet18_scratch,church,3,0.43562091503267975,0.1335146306830582,0.65,0.08660254037844381,0.5176206509539844,0.11471619792624017
bright,resnet18_scratch,commercial_area,3,0.51527665317139,0.059788145342386474,0.75,0.08660254037844388,0.6057082569826198,0.018192562170011396
bright,resnet18_scratch,dense_residential,3,0.6802054154995332,0.09943320029283931,0.4166666666666667,0.18929694486000914,0.4984305572540866,0.17355790398925344
bright,resnet18_scratch,desert,3,0.7469135802469136,0.042008202434617864,0.9333333333333333,0.07637626158259735,0.8291424887169567,0.04925976652623218
bright,resnet18_scratch,forest,3,1.0,0.0,0.16666666666666666,0.07637626158259733,0.2808959156785244,0.11046093192108732
bright,small_cnn,airport,3,0.5,0.5,0.03333333333333333,0.02886751345948129,0.06204906204906205,0.05377963969288376
bright,small_cnn,baseball_diamond,3,0.5746031746031746,0.49764372992633615,0.4166666666666667,0.36170890690351176,0.48291316526610645,0.41862349153246264
bright,small_cnn,beach,3,0.42467948717948717,0.033577446858584895,0.95,0.04999999999999999,0.5857427716849452,0.0257635684136043
bright,small_cnn,bridge,3,0.16666666666666666,0.28867513459481287,0.016666666666666666,0.02886751345948129,0.030303030303030304,0.0524863881081478
bright,small_cnn,church,3,0.2538292512780924,0.03311409926248277,1.0,0.0,0.40415009442393574,0.041826833482319664
bright,small_cnn,commercial_area,3,0.2159090909090909,0.19384911487763615,0.09999999999999999,0.08660254037844387,0.13594470046082946,0.11818726823255445
bright,small_cnn,dense_residential,3,0.7666666666666667,0.2516611478423583,0.36666666666666664,0.028867513459481315,0.4878721859114016,0.06632594569079543
bright,small_cnn,desert,3,0.9486461251167133,0.006468910579155448,0.9333333333333333,0.11547005383792512,0.9386947923533289,0.06393859276457295
bright,small_cnn,forest,3,1.0,0.0,0.25,0.0,0.4,0.0
lowres,deit_tiny_pretrained,airport,3,0.9824561403508771,0.030386856273138228,0.8166666666666667,0.10408329997330666,0.8885084179201826,0.05631186092076527
lowres,deit_tiny_pretrained,baseball_diamond,3,0.9406487232574189,0.06600410615029749,1.0,0.0,0.9686141047456986,0.035405908254357146
lowres,deit_tiny_pretrained,beach,3,0.9682539682539683,0.02749286996141078,1.0,0.0,0.983739837398374,0.014081713882673812
lowres,deit_tiny_pretrained,bridge,3,1.0,0.0,0.9666666666666667,0.028867513459481315,0.9829059829059829,0.014803853056144262
lowres,deit_tiny_pretrained,church,3,0.8740740740740741,0.012830005981991638,0.7000000000000001,0.08660254037844388,0.7759398496240602,0.05730092897220348
lowres,deit_tiny_pretrained,commercial_area,3,0.4862348979996039,0.042500623338624546,0.8333333333333334,0.05773502691896256,0.6139562743336329,0.048428700882173534
lowres,deit_tiny_pretrained,dense_residential,3,0.747979797979798,0.15934563541997365,0.4166666666666667,0.1258305739211792,0.5345430107526882,0.14463183761883247
lowres,deit_tiny_pretrained,desert,3,0.9682539682539683,0.02749286996141078,1.0,0.0,0.983739837398374,0.014081713882673812
lowres,deit_tiny_pretrained,forest,3,1.0,0.0,1.0,0.0,1.0,0.0
lowres,resnet18_pretrained,airport,3,0.9410403050108932,0.0034742240801124806,0.8,0.04999999999999999,0.8643116801011538,0.030705491893360318
lowres,resnet18_pretrained,baseball_diamond,3,0.9235209235209235,0.02499351814673703,1.0,0.0,0.9601238869531552,0.013411156078736969
lowres,resnet18_pretrained,beach,3,0.9235209235209235,0.02499351814673703,1.0,0.0,0.9601238869531552,0.013411156078736969
lowres,resnet18_pretrained,bridge,3,1.0,0.0,0.9666666666666667,0.028867513459481315,0.9829059829059829,0.014803853056144262
lowres,resnet18_pretrained,church,3,0.8666666666666667,0.028867513459481315,0.8666666666666667,0.028867513459481315,0.8666666666666667,0.028867513459481315
lowres,resnet18_pretrained,commercial_area,3,0.5319220430107526,0.01613952951414357,0.8333333333333334,0.02886751345948125,0.6493212669683257,0.01999558609888809
lowres,resnet18_pretrained,dense_residential,3,0.8592592592592593,0.05132002392796668,0.4,0.0,0.5455938697318008,0.01061793598509663
lowres,resnet18_pretrained,desert,3,0.9682539682539683,0.02749286996141078,1.0,0.0,0.983739837398374,0.014081713882673812
lowres,resnet18_pretrained,forest,3,1.0,0.0,0.95,0.04999999999999999,0.9739091318038686,0.026318672921835463
lowres,resnet18_scratch,airport,3,0.4353620235973177,0.04779800846373947,0.43333333333333335,0.05773502691896256,0.432955603687311,0.042975675282942126
lowres,resnet18_scratch,baseball_diamond,3,0.9515873015873015,0.0013746434980705326,0.9833333333333333,0.028867513459481315,0.9670731707317073,0.014785799576807437
lowres,resnet18_scratch,beach,3,0.6106223525578365,0.003950588352226175,0.9666666666666667,0.028867513459481315,0.7483043531878161,0.005553498704746699
lowres,resnet18_scratch,bridge,3,0.8602941176470588,0.03205072752603438,0.7166666666666667,0.028867513459481315,0.7817817817817817,0.027248563741373775
lowres,resnet18_scratch,church,3,0.6051587301587301,0.029362397989977685,0.5833333333333334,0.07637626158259735,0.5916892502258356,0.039675142287258804
lowres,resnet18_scratch,commercial_area,3,0.4249762583095916,0.0185914263537055,0.5666666666666667,0.02886751345948125,0.4856614246068455,0.022220929046187488
lowres,resnet18_scratch,dense_residential,3,0.42234848484848486,0.09780872222481331,0.25,0.0,0.3112305854241338,0.02946562115923182
lowres,resnet18_scratch,desert,3,0.9682539682539683,0.02749286996141078,1.0,0.0,0.983739837398374,0.014081713882673812
lowres,resnet18_scratch,forest,3,0.9743589743589743,0.04441155916843272,0.5833333333333334,0.02886751345948125,0.7289833822091887,0.02021564697715882
lowres,small_cnn,airport,3,0.6044685990338164,0.07461334672018585,0.6,0.09999999999999998,0.5988739732358563,0.07280337349806798
lowres,small_cnn,baseball_diamond,3,0.8234519104084321,0.0045640337485345645,0.9333333333333333,0.02886751345948125,0.8748615725359913,0.015344857652880456
lowres,small_cnn,beach,3,0.46765835790226035,0.017783177430330657,0.95,0.0,0.626640614029584,0.0159065569858849
lowres,small_cnn,bridge,3,0.6833333333333333,0.16072751268321595,0.16666666666666666,0.028867513459481298,0.26692307692307693,0.046960892706452956
lowres,small_cnn,church,3,0.714546783625731,0.06571938274114646,0.6,0.1322875655532295,0.6505901505901506,0.10464403127978966
lowres,small_cnn,commercial_area,3,0.29231521167005037,0.04719849605733888,0.43333333333333335,0.02886751345948128,0.3482174931771998,0.03949713146783515
lowres,small_cnn,dense_residential,3,0.0,0.0,0.0,0.0,0.0,0.0
lowres,small_cnn,desert,3,0.9379509379509379,0.02499351814673703,1.0,0.0,0.9678668215253581,0.013411156078736969
lowres,small_cnn,forest,3,1.0,0.0,0.65,0.0,0.787878787878788,0.0
