architecture,seed,checkpoint_sha256,target_manifest_sha256,cross_domain_accuracy,cross_domain_balanced_accuracy,cross_domain_macro_precision,cross_domain_macro_recall,cross_domain_macro_f1,cross_domain_ece
small_cnn,13,d89135b6de00101f45f5f320f11649ccc4857b43919d4ff850ead5a7feffae82,c71a5411bf4bd3ce22f53ec1d6594180279aaaf76e3bff776fa9b3c55fa8c599,0.7055555555555556,0.7055555555555555,0.7454798860887613,0.7055555555555555,0.696060775329068,0.1115572060147921
small_cnn,37,84cacce2b81bac2799c10886c3c9e7e31eeff4c513695bc39d203a029b43865b,c71a5411bf4bd3ce22f53ec1d6594180279aaaf76e3bff776fa9b3c55fa8c599,0.7277777777777777,0.7277777777777777,0.7561781778410306,0.7277777777777777,0.7175488838204903,0.08135096480449042
small_cnn,73,ecf6becf88c5727581f4e7fb748f78d3cda0ee7d8b92575a1a56e5296a4776b6,c71a5411bf4bd3ce22f53ec1d6594180279aaaf76e3bff776fa9b3c55fa8c599,0.75,0.75,0.7667902570680349,0.75,0.7391546518470926,0.08600956201553345
resnet18_scratch,13,594401b9ad256efbf78be2d8195ef518bdfe09e62cdcb80003bc0b58cbb6b387,c71a5411bf4bd3ce22f53ec1d6594180279aaaf76e3bff776fa9b3c55fa8c599,0.7555555555555555,0.7555555555555555,0.787486713918322,0.7555555555555555,0.7544158821287087,0.11998842673169244
resnet18_scratch,37,8f5fc9633455a6c8de1bb98d4c4dae9e09540be200b442e4c75ecc44527cb22a,c71a5411bf4bd3ce22f53ec1d6594180279aaaf76e3bff776fa9b3c55fa8c599,0.7555555555555555,0.7555555555555556,0.7860878444990413,0.7555555555555556,0.7520585853442954,0.12395879808399413
resnet18_scratch,73,5d208027875de4ca032a8172b5fd00c2d2edad83a82a8233c0c35d90ab2a5b8a,c71a5411bf4bd3ce22f53ec1d6594180279aaaf76e3bff776fa9b3c55fa8c599,0.7222222222222222,0.7222222222222222,0.7733944665317215,0.7222222222222222,0.7148734558875766,0.1692502780093087
resnet18_pretrained,13,b957576abbe24e306fd41cc8c079b0f90c08356c0f7f1b5e8c74b52e833fde17,c71a5411bf4bd3ce22f53ec1d6594180279aaaf76e3bff776fa9b3c55fa8c599,0.9222222222222223,0.9222222222222223,0.9241315850011501,0.9222222222222223,0.9216589877037082,0.040092692275842
resnet18_pretrained,37,4b524b8e2a25088ccbb2a133b1366bc78a9df242d27416f8e67f54d91770b4e2,c71a5411bf4bd3ce22f53ec1d6594180279aaaf76e3bff776fa9b3c55fa8c599,0.8833333333333333,0.8833333333333333,0.8935918414884105,0.8833333333333333,0.8836915992815633,0.07313371698061619
resnet18_pretrained,73,590d86ed546679237a6ed4dab2a1cd520fbd4e9449b7b61dbcdf33cd273a106e,c71a5411bf4bd3ce22f53ec1d6594180279aaaf76e3bff776fa9b3c55fa8c599,0.8611111111111112,0.8611111111111112,0.8808895050725116,0.8611111111111112,0.8560682124511911,0.07515411741203737
deit_tiny_pretrained,13,b20d0bb5d18876de2a18f2596b50e156a29a04c61f15b676c6cd0d4f1e2469f7,c71a5411bf4bd3ce22f53ec1d6594180279aaaf76e3bff776fa9b3c55fa8c599,0.95,0.9500000000000001,0.9531189083820664,0.9500000000000001,0.9499782999783,0.027551489406161776
deit_tiny_pretrained,37,360d351786fc28dc03886b201e693f332e372353e0c9fe952aa8e40c4cd259f5,c71a5411bf4bd3ce22f53ec1d6594180279aaaf76e3bff776fa9b3c55fa8c599,0.9388888888888889,0.9388888888888888,0.9414381914381915,0.9388888888888888,0.9386531681140153,0.02852419349882338
deit_tiny_pretrained,73,bf5871954f29bc22876849f934fbad2b9ac2504bda04100373c129d0f96e50ee,c71a5411bf4bd3ce22f53ec1d6594180279aaaf76e3bff776fa9b3c55fa8c599,0.9666666666666667,0.9666666666666666,0.9684704184704184,0.9666666666666666,0.9664553188943432,0.02653083917167452
