architecture,class_name,precision_mean,precision_std,recall_mean,recall_std,f1_mean,f1_std
deit_tiny_pretrained,airport,0.9507936507936509,0.050018892878059426,0.9166666666666666,0.07637626158259736,0.9315095583388265,0.03934592679089874
deit_tiny_pretrained,baseball_diamond,0.9393939393939394,0.05248638810814786,1.0,0.0,0.9682539682539683,0.027492869961410787
deit_tiny_pretrained,beach,0.9696969696969697,0.05248638810814782,1.0,0.0,0.9841269841269842,0.027492869961410787
deit_tiny_pretrained,bridge,1.0,0.0,1.0,0.0,1.0,0.0
deit_tiny_pretrained,church,0.8944444444444445,0.09179284245476835,0.9,0.08660254037844392,0.8926699426699427,0.0372785521431159
deit_tiny_pretrained,commercial_area,0.9182539682539682,0.0759047220728421,0.8833333333333333,0.05773502691896256,0.8985827290705339,0.04225937268535153
deit_tiny_pretrained,dense_residential,0.916499582289056,0.029442044093832817,0.9166666666666666,0.057735026918962595,0.9162080466958517,0.04016986781845173
deit_tiny_pretrained,desert,1.0,0.0,1.0,0.0,1.0,0.0
deit_tiny_pretrained,forest,1.0,0.0,0.9500000000000001,0.04999999999999996,0.9739091318038686,0.02631867292183549
resnet18_pretrained,airport,0.8848905723905723,0.09719830590437191,0.8166666666666668,0.05773502691896258,0.8458646616541353,0.04396692930538553
resnet18_pretrained,baseball_diamond,0.9682539682539683,0.027492869961410763,1.0,0.0,0.983739837398374,0.014081713882673796
resnet18_pretrained,beach,0.8542289701709991,0.10665034062242906,1.0,0.0,0.9189687146747767,0.06303235333797456
resnet18_pretrained,bridge,1.0,0.0,1.0,0.0,1.0,0.0
resnet18_pretrained,church,0.7520489677352423,0.052737983265970914,0.8166666666666668,0.20207259421636903,0.7763269237062698,0.11110836062458794
resnet18_pretrained,commercial_area,0.7610748002904866,0.12966776563827712,0.7666666666666666,0.10408329997330659,0.7560707403932488,0.07522361930064349
resnet18_pretrained,dense_residential,0.9491228070175438,0.05002307869959036,0.8166666666666668,0.14433756729740643,0.8703185703185703,0.07232132736070021
resnet18_pretrained,desert,0.9262187088274044,0.06688295202369993,1.0,0.0,0.9608711701734958,0.03565020104518293
resnet18_pretrained,forest,1.0,0.0,0.7833333333333333,0.16072751268321592,0.8720957799905168,0.10669057203677157
resnet18_scratch,airport,0.5823451910408431,0.047813563403489,0.65,0.049999999999999975,0.6142488002953118,0.04833900785491575
resnet18_scratch,baseball_diamond,0.8461684190584445,0.03701910541458935,0.8166666666666668,0.12583057392117916,0.8275276500490699,0.06472523031678823
resnet18_scratch,beach,0.514144532463498,0.04845245595527148,0.8333333333333334,0.02886751345948125,0.634466202135375,0.03288963392868729
resnet18_scratch,bridge,0.7763854079643554,0.013837101920139124,0.75,0.050000000000000044,0.762186893123992,0.02265941121640286
resnet18_scratch,church,0.8216108452950558,0.04251804872867298,0.8333333333333334,0.028867513459481298,0.8266788766788767,0.020930735423019247
resnet18_scratch,commercial_area,0.7701525054466231,0.05087274260930551,0.6666666666666666,0.02886751345948125,0.714556661925083,0.03769782685690083
resnet18_scratch,dense_residential,0.8653439153439152,0.02070095254972447,0.85,0.049999999999999975,0.8567180145485666,0.01889002115185297
resnet18_scratch,desert,0.8647562582345191,0.07392898237956684,0.9333333333333332,0.028867513459481266,0.8969545957918051,0.04782216717170455
resnet18_scratch,forest,1.0,0.0,0.3666666666666667,0.10408329997330666,0.5307060755336618,0.11584352476061377
small_cnn,airport,0.6557029926595144,0.021324052920734395,0.7999999999999999,0.13228756555322954,0.7186692506459949,0.06509099192156446
small_cnn,baseball_diamond,0.7698564593301436,0.03167666481920664,0.7833333333333333,0.07637626158259735,0.7758241758241758,0.05034731576938219
small_cnn,beach,0.5577601410934744,0.07958889663482867,0.8333333333333334,0.02886751345948125,0.6657379263762242,0.05813626317000338
small_cnn,bridge,0.6921296296296297,0.02806563808560682,0.5666666666666668,0.07637626158259736,0.6222500696184907,0.057210135767339895
small_cnn,church,0.8487483530961791,0.060095084886406996,0.9166666666666666,0.028867513459481298,0.8806570690291621,0.03770212537625618
small_cnn,commercial_area,0.6321195144724556,0.06817338687683216,0.6166666666666667,0.028867513459481298,0.6227202812568666,0.03315258925518317
small_cnn,dense_residential,0.8422096908939013,0.032738220151416746,0.7833333333333333,0.07637626158259733,0.8091862969911751,0.02755060584840442
small_cnn,desert,0.8484848484848485,0.026243194054073875,0.9333333333333332,0.02886751345948121,0.8888888888888888,0.027492869961410787
small_cnn,forest,0.9583333333333334,0.07216878364870323,0.31666666666666665,0.02886751345948128,0.4743589743589744,0.02220577958421635
