architecture,seed,class_name,precision,recall,f1,support
small_cnn,13,airport,0.6363636363636364,0.7,0.6666666666666666,20
small_cnn,13,baseball_diamond,0.7368421052631579,0.7,0.717948717948718,20
small_cnn,13,beach,0.4722222222222222,0.85,0.6071428571428571,20
small_cnn,13,bridge,0.6666666666666666,0.5,0.5714285714285714,20
small_cnn,13,church,0.8636363636363636,0.95,0.9047619047619048,20
small_cnn,13,commercial_area,0.7058823529411765,0.6,0.6486486486486487,20
small_cnn,13,dense_residential,0.8095238095238095,0.85,0.8292682926829268,20
small_cnn,13,desert,0.8181818181818182,0.9,0.8571428571428571,20
small_cnn,13,forest,1.0,0.3,0.46153846153846156,20
small_cnn,37,airport,0.6521739130434783,0.75,0.6976744186046512,20
small_cnn,37,baseball_diamond,0.8,0.8,0.8,20
small_cnn,37,beach,0.5714285714285714,0.8,0.6666666666666666,20
small_cnn,37,bridge,0.7222222222222222,0.65,0.6842105263157895,20
small_cnn,37,church,0.782608695652174,0.9,0.8372093023255814,20
small_cnn,37,commercial_area,0.5714285714285714,0.6,0.5853658536585366,20
small_cnn,37,dense_residential,0.8421052631578947,0.8,0.8205128205128205,20
small_cnn,37,desert,0.8636363636363636,0.95,0.9047619047619048,20
small_cnn,37,forest,1.0,0.3,0.46153846153846156,20
small_cnn,73,airport,0.6785714285714286,0.95,0.7916666666666666,20
small_cnn,73,baseball_diamond,0.7727272727272727,0.85,0.8095238095238095,20
small_cnn,73,beach,0.6296296296296297,0.85,0.723404255319149,20
small_cnn,73,bridge,0.6875,0.55,0.6111111111111112,20
small_cnn,73,church,0.9,0.9,0.9,20
small_cnn,73,commercial_area,0.6190476190476191,0.65,0.6341463414634146,20
small_cnn,73,dense_residential,0.875,0.7,0.7777777777777778,20
small_cnn,73,desert,0.8636363636363636,0.95,0.9047619047619048,20
small_cnn,73,forest,0.875,0.35,0.5,20
resnet18_scratch,13,airport,0.5454545454545454,0.6,0.5714285714285714,20
resnet18_scratch,13,baseball_diamond,0.8260869565217391,0.95,0.8837209302325582,20
resnet18_scratch,13,beach,0.53125,0.85,0.6538461538461539,20
resnet18_scratch,13,bridge,0.7777777777777778,0.7,0.7368421052631579,20
resnet18_scratch,13,church,0.8421052631578947,0.8,0.8205128205128205,20
resnet18_scratch,13,commercial_area,0.7647058823529411,0.65,0.7027027027027027,20
resnet18_scratch,13,dense_residential,0.85,0.85,0.85,20
resnet18_scratch,13,desert,0.95,0.95,0.95,20
resnet18_scratch,13,forest,1.0,0.45,0.6206896551724138,20
resnet18_scratch,37,airport,0.5652173913043478,0.65,0.6046511627906976,20
resnet18_scratch,37,baseball_diamond,0.8888888888888888,0.8,0.8421052631578947,20
resnet18_scratch,37,beach,0.5517241379310345,0.8,0.6530612244897959,20
resnet18_scratch,37,bridge,0.7894736842105263,0.75,0.7692307692307693,20
resnet18_scratch,37,church,0.7727272727272727,0.85,0.8095238095238095,20
resnet18_scratch,37,commercial_area,0.8235294117647058,0.7,0.7567567567567568,20
resnet18_scratch,37,dense_residential,0.8571428571428571,0.9,0.8780487804878049,20
resnet18_scratch,37,desert,0.8260869565217391,0.95,0.8837209302325582,20
resnet18_scratch,37,forest,1.0,0.4,0.5714285714285714,20
resnet18_scratch,73,airport,0.6363636363636364,0.7,0.6666666666666666,20
resnet18_scratch,73,baseball_diamond,0.8235294117647058,0.7,0.7567567567567568,20
resnet18_scratch,73,beach,0.4594594594594595,0.85,0.5964912280701754,20
resnet18_scratch,73,bridge,0.7619047619047619,0.8,0.7804878048780488,20
resnet18_scratch,73,church,0.85,0.85,0.85,20
resnet18_scratch,73,commercial_area,0.7222222222222222,0.65,0.6842105263157895,20
resnet18_scratch,73,dense_residential,0.8888888888888888,0.8,0.8421052631578947,20
resnet18_scratch,73,desert,0.8181818181818182,0.9,0.8571428571428571,20
resnet18_scratch,73,forest,1.0,0.25,0.4,20
resnet18_pretrained,13,airport,0.9444444444444444,0.85,0.8947368421052632,20
resnet18_pretrained,13,baseball_diamond,0.9523809523809523,1.0,0.975609756097561,20
resnet18_pretrained,13,beach,0.9523809523809523,1.0,0.975609756097561,20
resnet18_pretrained,13,bridge,1.0,1.0,1.0,20
resnet18_pretrained,13,church,0.8095238095238095,0.85,0.8292682926829268,20
resnet18_pretrained,13,commercial_area,0.8888888888888888,0.8,0.8421052631578947,20
resnet18_pretrained,13,dense_residential,0.9,0.9,0.9,20
resnet18_pretrained,13,desert,0.8695652173913043,1.0,0.9302325581395349,20
resnet18_pretrained,13,forest,1.0,0.9,0.9473684210526315,20
resnet18_pretrained,37,airport,0.9375,0.75,0.8333333333333334,20
resnet18_pretrained,37,baseball_diamond,0.9523809523809523,1.0,0.975609756097561,20
resnet18_pretrained,37,beach,0.8695652173913043,1.0,0.9302325581395349,20
resnet18_pretrained,37,bridge,1.0,1.0,1.0,20
resnet18_pretrained,37,church,0.7058823529411765,0.6,0.6486486486486487,20
resnet18_pretrained,37,commercial_area,0.6296296296296297,0.85,0.723404255319149,20
resnet18_pretrained,37,dense_residential,0.9473684210526315,0.9,0.9230769230769231,20
resnet18_pretrained,37,desert,1.0,1.0,1.0,20
resnet18_pretrained,37,forest,1.0,0.85,0.918918918918919,20
resnet18_pretrained,73,airport,0.7727272727272727,0.85,0.8095238095238095,20
resnet18_pretrained,73,baseball_diamond,1.0,1.0,1.0,20
resnet18_pretrained,73,beach,0.7407407407407407,1.0,0.851063829787234,20
resnet18_pretrained,73,bridge,1.0,1.0,1.0,20
resnet18_pretrained,73,church,0.7407407407407407,1.0,0.851063829787234,20
resnet18_pretrained,73,commercial_area,0.7647058823529411,0.65,0.7027027027027027,20
resnet18_pretrained,73,dense_residential,1.0,0.65,0.7878787878787878,20
resnet18_pretrained,73,desert,0.9090909090909091,1.0,0.9523809523809523,20
resnet18_pretrained,73,forest,1.0,0.6,0.75,20
deit_tiny_pretrained,13,airport,1.0,0.85,0.918918918918919,20
deit_tiny_pretrained,13,baseball_diamond,1.0,1.0,1.0,20
deit_tiny_pretrained,13,beach,1.0,1.0,1.0,20
deit_tiny_pretrained,13,bridge,1.0,1.0,1.0,20
deit_tiny_pretrained,13,church,0.8333333333333334,1.0,0.9090909090909091,20
deit_tiny_pretrained,13,commercial_area,0.85,0.85,0.85,20
deit_tiny_pretrained,13,dense_residential,0.8947368421052632,0.85,0.8717948717948718,20
deit_tiny_pretrained,13,desert,1.0,1.0,1.0,20
deit_tiny_pretrained,13,forest,1.0,1.0,1.0,20
deit_tiny_pretrained,37,airport,0.9,0.9,0.9,20
deit_tiny_pretrained,37,baseball_diamond,0.9090909090909091,1.0,0.9523809523809523,20
deit_tiny_pretrained,37,beach,0.9090909090909091,1.0,0.9523809523809523,20
deit_tiny_pretrained,37,bridge,1.0,1.0,1.0,20
deit_tiny_pretrained,37,church,0.85,0.85,0.85,20
deit_tiny_pretrained,37,commercial_area,1.0,0.85,0.918918918918919,20
deit_tiny_pretrained,37,dense_residential,0.9047619047619048,0.95,0.926829268292683,20
deit_tiny_pretrained,37,desert,1.0,1.0,1.0,20
deit_tiny_pretrained,37,forest,1.0,0.9,0.9473684210526315,20
deit_tiny_pretrained,73,airport,0.9523809523809523,1.0,0.975609756097561,20
deit_tiny_pretrained,73,baseball_diamond,0.9090909090909091,1.0,0.9523809523809523,20
deit_tiny_pretrained,73,beach,1.0,1.0,1.0,20
deit_tiny_pretrained,73,bridge,1.0,1.0,1.0,20
deit_tiny_pretrained,73,church,1.0,0.85,0.918918918918919,20
deit_tiny_pretrained,73,commercial_area,0.9047619047619048,0.95,0.926829268292683,20
deit_tiny_pretrained,73,dense_residential,0.95,0.95,0.95,20
deit_tiny_pretrained,73,desert,1.0,1.0,1.0,20
deit_tiny_pretrained,73,forest,1.0,0.95,0.9743589743589743,20
