path,label,class_index,fold,domain,sha256
Airport/airport_61.jpg,airport,0,-1,target,7fbef76580c3b8d18c62cc768a8046b6838466af0dd2cedb7dc2784770931b6e
Airport/airport_62.jpg,airport,0,-1,target,c21fed8bfe38d9ad5dd7b2504d334b4b59feb05fce51b42402d5f3b14dad0d92
Airport/airport_63.jpg,airport,0,-1,target,aaeb135e13a78f442e15d4daf3314a408ebcabf70d531edde3d35ba3c0762567
Airport/airport_64.jpg,airport,0,-1,target,97e18bcf794a524da1624a55c0b5a51d9d73d81df1e2b7ed30080b16b1c66fc9
Airport/airport_65.jpg,airport,0,-1,target,cf8206e9f71badaca10cc974c02ccabd63f4665ba75f192a933f37892ac9fc30
Airport/airport_66.jpg,airport,0,-1,target,f26cd0408b48c1d80d3deb25fb1450eb6142083477ca8584637d603921b54f5d
Airport/airport_67.jpg,airport,0,-1,target,c2db4cdcb2105ba973486fe7a496273dbcebbeb655e8bff9a131835910defcc9
Airport/airport_68.jpg,airport,0,-1,target,4afdf10b68aede5d678a226a14145a4be3d34a2bd579d592828e3c36dad16a29
Airport/airport_69.jpg,airport,0,-1,target,e9d98eb6c814b134c24ce05cc863193f6526dea8ee872226197052a4e7ce2167
Airport/airport_70.jpg,airport,0,-1,target,cdb9a3b57f68858f99125482fe4eadc5660b7a8342f3c2c30b4e591a98cbac30
Airport/airport_71.jpg,airport,0,-1,target,c11b3b4457c54a3997a3e3d9d1f6b2c10c96491011ad2cfbca53924b9914bdbe
Airport/airport_72.jpg,airport,0,-1,target,f643d87bc8106209692d65709c838198094c2b41398485782402ed772d731f3e
Airport/airport_73.jpg,airport,0,-1,target,76bd873fc8252db821aa12ef71a36e29077068aad6d5f2ccbe8cbbe4cdf8f38e
Airport/airport_74.jpg,airport,0,-1,target,df1bed29d5a1be8b9c9693ea558ca4f4024ff78ad2340066ffd09ff18cd811c5
Airport/airport_75.jpg,airport,0,-1,target,a46cd20b00fb370c187ed19416e94a8e5e47703ca25d8c3a8a650b44380430a1
Airport/airport_76.jpg,airport,0,-1,target,895085c613e92db8c9bd758b2685743c4721893418f619e0f07df0f143401fe8
Airport/airport_77.jpg,airport,0,-1,target,bc34fb5d290c4c2a7d87cfdccaa612f8d9031b8d96561dbf7324138702daa6fc
Airport/airport_78.jpg,airport,0,-1,target,aa5d8691b3ed99cc73a8538144c49efd29ed5dbbc776feee6ad63e98710a8a6b
Airport/airport_79.jpg,airport,0,-1,target,0b874f9e2abb4c87ee6af8f6f0d03586fc4042bdb63e9f704940b969e492d30e
Airport/airport_80.jpg,airport,0,-1,target,68e99418bd0f5682fcf1a16434eb9b6774162ac0bbb8a3f55477a5115e540943
BaseballField/baseballfield_61.jpg,baseball_diamond,1,-1,target,d48f5e2dc24f8c429aeb6efba19dc1d1fec4d15dd9360059d967f2bc44b56126
BaseballField/baseballfield_62.jpg,baseball_diamond,1,-1,target,af5dfd78680215069b26da8ae7a2a94509d6739bba65adf7851730c3b98ee027
BaseballField/baseballfield_63.jpg,baseball_diamond,1,-1,target,8ca61314212cd8898127fd00c876da32ad1ca235ac926d7a981e55d8e3399383
BaseballField/baseballfield_64.jpg,baseball_diamond,1,-1,target,ea349e1ca01eb5dc9320f7a9bf377d10b41bbf4580198c29b66276adf2b84086
BaseballField/baseballfield_65.jpg,baseball_diamond,1,-1,target,cf849d4404dc00fb3ee46424ee1aee5e930ca4d64dc616b3c3514e28dfb1ac4d
BaseballField/baseballfield_66.jpg,baseball_diamond,1,-1,target,9dcf834bbf890a6ea192bb714f2d0aaa48bb254088669623932488945d060d25
BaseballField/baseballfield_67.jpg,baseball_diamond,1,-1,target,cb6cf5ba3efd6c38693e86dfee5aecf568656fd6ff92c0abbbe7822f55c0b9b2
BaseballField/baseballfield_68.jpg,baseball_diamond,1,-1,target,32632ac0cd10129361c6f7f9df57093e25b86ed328fa804c6042d49f63c8d4e4
BaseballField/baseballfield_69.jpg,baseball_diamond,1,-1,target,2f5cd985c62ca4055ca99311f9ee53dd5eaf59c2aa7069a6d11c906c120d05db
BaseballField/baseballfield_70.jpg,baseball_diamond,1,-1,target,d85bf9dd14b1ab26cc9b058aed5fd4bf03863574ca3f3e069fc1aa03469fc1fd
BaseballField/baseballfield_71.jpg,baseball_diamond,1,-1,target,309c1bba0312d53f24d0f8636d6b1aa3e9b71aa8510fc0f0192765fc2fa2cee0
BaseballField/baseballfield_72.jpg,baseball_diamond,1,-1,target,d3e4bd2f8439b05746fe0214553181b68e4808b0740b3ea8ff784117ccfb4e5b
BaseballField/baseballfield_73.jpg,baseball_diamond,1,-1,target,5823ab792db251109615764e81d747b71f9ce9d3b8ebb49027012b152c300d67
BaseballField/baseballfield_74.jpg,baseball_diamond,1,-1,target,ec87376b6f14f94321aa2e4237d1c4578e0b12381cd04f1c1c1760ca27feadfb
BaseballField/baseballfield_75.jpg,baseball_diamond,1,-1,target,55c4c9b014050fd4ba44defede48379592b404513565c533f00fe418f53d3188
BaseballField/baseballfield_76.jpg,baseball_diamond,1,-1,target,c9eb516081ddcc8ef351b00693fbd7823ea184afd6fc016da3d4add4d4d614ae
BaseballField/baseballfield_77.jpg,baseball_diamond,1,-1,target,6cfb0c62c70e17837e95de3b0e3b332d23e938e8db67d302cacaa5ddc9f97250
BaseballField/baseballfield_78.jpg,baseball_diamond,1,-1,target,c8a6438c0116e5cd503acba81b10a970534ec23309bcce684d199df78c98f8af
BaseballField/baseballfield_79.jpg,baseball_diamond,1,-1,target,9b3520ffbff3cab1dee597984e57159eef567f25057f0d7a8da0ad07c92ee48b
BaseballField/baseballfield_80.jpg,baseball_diamond,1,-1,target,3a28b194e06b3078902a91b44af6f61c28cbeea91be7cebb27bfa1267791e5da
Beach/beach_61.jpg,beach,2,-1,target,660991e21a4742f4492e8cc66164434560b347ca54930fae05967b316e07b81e
Beach/beach_62.jpg,beach,2,-1,target,23bd43cc301e2d2681005c99acddfb54dea0f860a152cdfb6316acfeca1a27e3
Beach/beach_63.jpg,beach,2,-1,target,765cb2d95d1f248c862f7a8eacabdf73c508be15dd7c6b78d9f467ea80404484
Beach/beach_64.jpg,beach,2,-1,target,32c1c298cc0014632e808165dfa7f76f76c53eac251b394d366697d851e5f3d5
Beach/beach_65.jpg,beach,2,-1,target,f4b4b30bf5d4d014b1106b40d9803c177c54c0b3ef02c9fce403048054b5a32f
Beach/beach_66.jpg,beach,2,-1,target,bff0a866d8be4bd6e6b1dcb0c5167bcad1ed9791e46a0293e0ff05f59c377659
Beach/beach_67.jpg,beach,2,-1,target,3c47eea0c06fc3ea6366db81af1a7c685f83c8f492812fb3a58bf707aacd2130
Beach/beach_68.jpg,beach,2,-1,target,d3d78757582601eb7da9e7db31ac501fa8c7c73706775b3e4b973aaafa4cbd8b
Beach/beach_69.jpg,beach,2,-1,target,91d29ece8f121e13ecacc170022293b548aab747ba7cfd4033c837b57204e0f0
Beach/beach_70.jpg,beach,2,-1,target,ccfceb05a9720824b00e56a6e5285d3757852444987c4b623121934a43c46caf
Beach/beach_71.jpg,beach,2,-1,target,4924aca0b6cf67cc5fdf9cc58beda81dbbce88ec15c178707fe22c7b97822bc4
Beach/beach_72.jpg,beach,2,-1,target,f0372a4ac0c4c7eb81af8ba5147f6d981e4a50915c051b89bf3cf5ae82b8e601
Beach/beach_73.jpg,beach,2,-1,target,c41e8fc1c04a67102222ec6a2820201ab3263db88e2ecdcac1185bd3934be422
Beach/beach_74.jpg,beach,2,-1,target,e247387966b8f07abbb3328f6f134bd46fe0c7a8c9d6a9c2188990258cab7052
Beach/beach_75.jpg,beach,2,-1,target,d61e9fb3b2c7c3f53482b719d2a7c892979aeef506016ee48a3f5f763d08185f
Beach/beach_76.jpg,beach,2,-1,target,ebe012939aa7fcb4b4af4cf3824b6cc2006e55ffab62fac8c89dee90ea56070e
Beach/beach_77.jpg,beach,2,-1,target,1c57a4be08c484f97ba5041bdd7086c710f037d6bb6a52bfe748d8f762850ef7
Beach/beach_78.jpg,beach,2,-1,target,6f4add637da5022072d88b713fb9496364f92f2e522b62840d7079a760eec597
Beach/beach_79.jpg,beach,2,-1,target,a9ac06806569b38180cf6068c4233c110db96e8c1d04944d33d2811ec70a7e7a
Beach/beach_80.jpg,beach,2,-1,target,297a90ab3bc4b3552298a577cca7e91015bba6ca8a1284280327f1217bde3115
Bridge/bridge_61.jpg,bridge,3,-1,target,b92b23af6d48fa19116a03858431c59cc8a7011eefd5a4838d380b014b4ed8db
Bridge/bridge_62.jpg,bridge,3,-1,target,610798ff11a0395332cd8b50800e1cb2692e37abbd8cd57c834f70a34bd8272e
Bridge/bridge_63.jpg,bridge,3,-1,target,2fd07b4aa32f0bf50e34c62f770a67892a8b99544e6525a20bf0bda5c60244f7
Bridge/bridge_64.jpg,bridge,3,-1,target,01539532436546f73707d04dd506d9c1ca87f9319d0e4cd1ff60b817711bfb31
Bridge/bridge_65.jpg,bridge,3,-1,target,37860b91671b761a3a9600ddc4a2eb998c469e38527430b76dbebe1fcd3726ae
Bridge/bridge_66.jpg,bridge,3,-1,target,c4c909c973d2360151493d4b27849082f80b01499d5dceb17fd933cc5013a635
Bridge/bridge_67.jpg,bridge,3,-1,target,f95824882f422f96d30349dd95a98abe07163b5e75d7d27802860589b50f46a6
Bridge/bridge_68.jpg,bridge,3,-1,target,8fda011f1f7b2a6e44fa5300fc2a6286d10f574441f9993e084a4c17e9facdba
Bridge/bridge_69.jpg,bridge,3,-1,target,43d332d8683a24f3c67d92a0c4999c10c5ad5d6948dc3d451f1cdfec9378fb1e
Bridge/bridge_70.jpg,bridge,3,-1,target,a13efb588a7bfe502ecfae43fe25bbcc977f95d4e32a209becf6589afd3379aa
Bridge/bridge_71.jpg,bridge,3,-1,target,843102545da6f40a010ed0f1aaf5993892c9bac246d457f713d508414eb9ca26
Bridge/bridge_72.jpg,bridge,3,-1,target,d7328d7279a6020c45ef76742982127c0157155726190b715c7e7701f3065477
Bridge/bridge_73.jpg,bridge,3,-1,target,ed5eb3fc25a79b28f60e2841af03009563a825e73818272b101c2d8391e5414e
Bridge/bridge_74.jpg,bridge,3,-1,target,c20ddd6087f9c7d7ddbde05495c7eb075048eb5d6abadb405b8e0c5751244ed1
Bridge/bridge_75.jpg,bridge,3,-1,target,cf9820febd2dc21fb5dac7fd67f731803bb89913ab97538b91a09258c843a6f2
Bridge/bridge_76.jpg,bridge,3,-1,target,f5f450efc8bbcbb1cb8ea8bebf0e282a58c4582b6a7320ea8df298e39ebdddb5
Bridge/bridge_77.jpg,bridge,3,-1,target,fbd97f073549214119dfc76bfe8fb1d29937d662d56670c479465de56843b2be
Bridge/bridge_78.jpg,bridge,3,-1,target,89fb21ed16e0d922c0e6607170ba4868f26679ad3597f494fe28fb7087f0cfe0
Bridge/bridge_79.jpg,bridge,3,-1,target,27eb78a94e134ef04c6fe5133fd8ccab9f0e78a75a0436a99e68c6ffb61a79af
Bridge/bridge_80.jpg,bridge,3,-1,target,82cde194e1f2b49a93783a8b9e7aa0511871f695abe7a0e44a2b56c1aaac3408
Church/church_61.jpg,church,4,-1,target,f83bd8796355480304d58aceda82affe7d0a442f8f909a980eb2f1302488619c
Church/church_62.jpg,church,4,-1,target,1c64e35c6b8214b1c0bb7350a1c16ebdf17b30ce239ccdd7159976445d13eb45
Church/church_63.jpg,church,4,-1,target,cc91ee9c011a8c055b68d64ee9445b9e711c69e357d8bf4efaf71480dd682eb9
Church/church_64.jpg,church,4,-1,target,fb66e2e02c582770413a76f57f71f3bd4c3500e94f29c684630beb68774638ab
Church/church_65.jpg,church,4,-1,target,68d8a0a3409e7525e3f932c7dfc741a801e479c14ad5a269c96136c1685c6c8c
Church/church_66.jpg,church,4,-1,target,f86e28f16cb8a59b98dacd7d5887a191ac38665711ceb6cefd303568097613b8
Church/church_67.jpg,church,4,-1,target,64d7c3c2352ee6b86e52a2bac470075ec60c31b188d229d1dfdb49a952ab4df4
Church/church_68.jpg,church,4,-1,target,a2fefe1b39ca0fcd300d1cbb6b9d130f4f141a8abecb357bae260e4ee4f746df
Church/church_69.jpg,church,4,-1,target,04c3f1ad4195aa1de4b5aab4a6b683018f8b386a41e09ebffd5096179794eded
Church/church_70.jpg,church,4,-1,target,4a48b81358c7ddaee2d183c12b9881152fb697397bd19c25cb83635e5811b816
Church/church_71.jpg,church,4,-1,target,4b5629d4a79c4e1efe0583b0a12632a034481ebe45f95900f66b30bd0f601be6
Church/church_72.jpg,church,4,-1,target,de2e1f737b860be025776b1657ae97c5415226f0df7035d092c5715802421ea8
Church/church_73.jpg,church,4,-1,target,bb71dea66399f0e3a8f749c6229280fc6211cedf07161dfc79e5e2d231e352da
Church/church_74.jpg,church,4,-1,target,4c815c2209e861a7b790a751d97bb86b4477f5dc707e7817d09533b4fee8a238
Church/church_75.jpg,church,4,-1,target,0a7a910a2727604a790af95c87d7cb1f62135fc8cd28474da5a8fcb37b6b015b
Church/church_76.jpg,church,4,-1,target,bd93f07544e46aa505d3534d9c9f8715eefd3969b62a98ee6bc57a03514b2a40
Church/church_77.jpg,church,4,-1,target,5cc58af0fb84827945473601e97c85bde2d3dc4fab52434151f721ae3eed47fb
Church/church_78.jpg,church,4,-1,target,c7d5f2e9195716d8f413212d5af24dce62239ce2d405c508439d4acaa2b14700
Church/church_79.jpg,church,4,-1,target,fda44b21af65c6519d9086905435a331b784f58ada6f5db491ed3db6c6512218
Church/church_80.jpg,church,4,-1,target,701d5510768ecb18557936efb6b34272a81d7a6155b6ef986650fb4af88418d8
Commercial/commercial_61.jpg,commercial_area,5,-1,target,655d47aea894bbf1a14cbb8ad96d8019e2009c517aafd9e9f012b415f96a4146
Commercial/commercial_62.jpg,commercial_area,5,-1,target,eb638807151ce3b71a493fdc927a74c7c6dce6fd2c244adb2d6c423b63ab6e10
Commercial/commercial_63.jpg,commercial_area,5,-1,target,2d8c54d905bed4386a3383eb30084131c3a9a122ba6a8a935789bae80365c213
Commercial/commercial_64.jpg,commercial_area,5,-1,target,787f6747f8486b8c243e8657215ca434409b7cb0afdbfbc103f7a7d8bae0155b
Commercial/commercial_65.jpg,commercial_area,5,-1,target,9e242d8e86df22563e44d8879a371443284eabd0d901152e2f25051062f5bc13
Commercial/commercial_66.jpg,commercial_area,5,-1,target,6a65322258176669403ac060afa311e98f43c6aacd6b15e8e0c3e37501454cea
Commercial/commercial_67.jpg,commercial_area,5,-1,target,65c3f7623e195c0a8e53dd4d7df37b88caed4599c219eb4650ea6859f7ba3c91
Commercial/commercial_68.jpg,commercial_area,5,-1,target,609c05c2559cad94bdbf8aee069955b37432ad81cb596fdfe40c4839196794b5
Commercial/commercial_69.jpg,commercial_area,5,-1,target,f8e6c4dfea6cc3f3a994dc11186b3ea7086ab60a374fefaf2e721ff718435713
Commercial/commercial_70.jpg,commercial_area,5,-1,target,52ce05881e321a0df2a3d796a19c45368216cc6e1a151168e464ede29c7f81a9
Commercial/commercial_71.jpg,commercial_area,5,-1,target,c837d33fa86bdf55ed7d93c8b5ad6d18e761b291328ea7a2b5edc79666fce5eb
Commercial/commercial_72.jpg,commercial_area,5,-1,target,41af8192ecf57426a36ddde5a7b23770385a5df3331bc2bf33ab2bd8cdf175dd
Commercial/commercial_73.jpg,commercial_area,5,-1,target,eb4659e67cbc7556a309dec1e2e88f018a0b56dccb5c6fe5c3321989de3317ff
Commercial/commercial_74.jpg,commercial_area,5,-1,target,4745d8f92b63001ad3667c628f27ce275ac0cb632fe4389c566a39582bd202aa
Commercial/commercial_75.jpg,commercial_area,5,-1,target,91b1d1e829bd002166fa965c5949f75030f271671cbb7415f33efa35888ae72a
Commercial/commercial_76.jpg,commercial_area,5,-1,target,2ad3a92df123909c91ae12911efe5a300ed46e2cb93c84028cfdf2ee36e8fb58
Commercial/commercial_77.jpg,commercial_area,5,-1,target,c3adf389171cdcb19f85cf4ef70b7603b19cf1085dbdc74131d2882e710d27ce
Commercial/commercial_78.jpg,commercial_area,5,-1,target,7eafc4451bf2bec970c7e1f989b87e1c597a2e86c4ab1da4b8305fc60b6ade3b
Commercial/commercial_79.jpg,commercial_area,5,-1,target,8873e5779e07e97d12c9d8a6e0e9db3b211eb578386af2ea87464a973bc1b305
Commercial/commercial_80.jpg,commercial_area,5,-1,target,e501c4f20b1d64cc6955761e9d722c3174cc46904abc906ddbd1f736f89b3412
DenseResidential/denseresidential_61.jpg,dense_residential,6,-1,target,6b7b0bf377da9094c2753b8535b6f5166e40b94601df139f1548dcd803aee539
DenseResidential/denseresidential_62.jpg,dense_residential,6,-1,target,58f5e48f960bea55e8495c48899ab040fbcebe3b53c29649352122a16d97e450
DenseResidential/denseresidential_63.jpg,dense_residential,6,-1,target,e75361b9a011926d4b07cc4dc4ce0d5302b2bf97c5c2e1e29eab2d6eafe1117b
DenseResidential/denseresidential_64.jpg,dense_residential,6,-1,target,d38f81deba625ab9c07011d68caac7562b7598a5b91be67447ff33546d1d04ac
DenseResidential/denseresidential_65.jpg,dense_residential,6,-1,target,ef0e0f2378fe0c6b8e8353d40e07e481abd615db879d791deed236b7ba483583
DenseResidential/denseresidential_66.jpg,dense_residential,6,-1,target,e12ca80b5368729393dabf01a2593d0ea9b7d927e1da6f5c91d9a030ba76a5db
DenseResidential/denseresidential_67.jpg,dense_residential,6,-1,target,198dc798180991a233f74d7f317233c144d30926157496632c56e3ce8fe270b0
DenseResidential/denseresidential_68.jpg,dense_residential,6,-1,target,4bb22a9a604189e49b55a68bf66cb9ad079364bca8615d1866d600fa510ddc65
DenseResidential/denseresidential_69.jpg,dense_residential,6,-1,target,09e89b07c8c3b501ea9fa60a480eea7dba0c4bd9fccfa3d4f0be3abf8939250c
DenseResidential/denseresidential_70.jpg,dense_residential,6,-1,target,93401c137de8799e77f14ca430c182adb7f725cea67a68e8bc5cee766488b353
DenseResidential/denseresidential_71.jpg,dense_residential,6,-1,target,2b8decce818ad52b6ed429b1cdba5f1a4eaac3005025194003257f7da53030ab
DenseResidential/denseresidential_72.jpg,dense_residential,6,-1,target,60af99399a5e0e553cb2256e224d8f459c43c6b8746fd93a073d714e72caf3b7
DenseResidential/denseresidential_73.jpg,dense_residential,6,-1,target,f72ccf6f4ed83fa2f7b8361ca9414ba56a43e080cdaacd53e6d81c6e6225756d
DenseResidential/denseresidential_74.jpg,dense_residential,6,-1,target,ec04e67646dc868567e4fef371467df01e2f76b5571882c269002d9bcd6c5134
DenseResidential/denseresidential_75.jpg,dense_residential,6,-1,target,79f2357589df6ecb913c29d5d2e843d25b0d36e7b094e3b9eec9571fa1209155
DenseResidential/denseresidential_76.jpg,dense_residential,6,-1,target,18da556148865543c91072e4c37437448ffce6cc99fbf06e2d90e059f4d5bf60
DenseResidential/denseresidential_77.jpg,dense_residential,6,-1,target,c64e0284e01ad92f2733a0386117a3104803752e9d2519f17f2036f9fd66d287
DenseResidential/denseresidential_78.jpg,dense_residential,6,-1,target,a9c9ba4ae08461d13eb14f6f17c70d2bcb4cc843872eb0bd652363b009c5ef60
DenseResidential/denseresidential_79.jpg,dense_residential,6,-1,target,2b95fd10db8b85f22c9372976c6aa0699c8e2c1a7085e57d6e71749f2c158c16
DenseResidential/denseresidential_80.jpg,dense_residential,6,-1,target,83d764cf7161684f0e3d96ff04b31f1b5e417e6542350ed0a470fe05aa128820
Desert/desert_61.jpg,desert,7,-1,target,07ec786916501f1e51cfd67a1ac9b234743436f8e4bdde53073404a030cc12b2
Desert/desert_62.jpg,desert,7,-1,target,97661ee4d065e489220f889f0164527b7a0a61371b230e1394dc562185fd4623
Desert/desert_63.jpg,desert,7,-1,target,c5438601902fedf82e8be0b69460df63780c071d762674ca0e51908e466ba9f6
Desert/desert_64.jpg,desert,7,-1,target,3f25d5f2f2bca49791460a163d5d639b43029414e0f71af60de52b73fffd0e6e
Desert/desert_65.jpg,desert,7,-1,target,2209cfc4663d99be9074b8d7ba8fb1e790044f7fb1792669626d158c3e773ae3
Desert/desert_66.jpg,desert,7,-1,target,7d4e2c90aaf649bd9c0540993305616e61421fab2030dd3723f1551840eccde5
Desert/desert_67.jpg,desert,7,-1,target,4e42ea1911d2a70ac41e68949f3a8aa4dccfc4249b1373558044927f0332b527
Desert/desert_68.jpg,desert,7,-1,target,fecb969364856eb3933f9dc4bcfb4cd321d24fa5e9afa6a991ea9bdc2b2f7d3b
Desert/desert_69.jpg,desert,7,-1,target,e2ff889346b81849eff94d845852114a7ea8fb46831a486b7dff4b395fa48373
Desert/desert_70.jpg,desert,7,-1,target,dfe9a8a46f93fe9559ca7df9cb74db942556bb854d6f9dc6217ada685e861836
Desert/desert_71.jpg,desert,7,-1,target,9579b1b634534c6004241dd3757206d0d66888c272f7ae062a9c4fdf17bbd7da
Desert/desert_72.jpg,desert,7,-1,target,a0d0ee10eb252372f1d7991f63a491383758df0b8c36dd05ae1a56b4afb09b95
Desert/desert_73.jpg,desert,7,-1,target,8b8049d436d7f68902fb7d141cba8641fa3b8fafb61f8cf23eb54d777a042499
Desert/desert_74.jpg,desert,7,-1,target,c91a4a0700d3bf1480784510fdcf7565344d541ce27b1028bb7d6f9d9d18cfa9
Desert/desert_75.jpg,desert,7,-1,target,3857b3c0d4e1f07cc6ffc28a25f871fb8728c6d02dd8bb16e2bb53904c024bcc
Desert/desert_76.jpg,desert,7,-1,target,45c9078dad7c3688fb8aaa1057b25587bf2f2640403cbda4ee70ca6460105059
Desert/desert_77.jpg,desert,7,-1,target,5caf2e2027b948157b928382fcea3dc7234e699063c48742aa0901fae3c586df
Desert/desert_78.jpg,desert,7,-1,target,280e9b3d660c3e5e96d2bbb01d4a951fd0b1f2f8b4c223e6a6ad7372893c71f7
Desert/desert_79.jpg,desert,7,-1,target,fb9c3eb5039fca99235ef0822d0e0d8fd5b4a1230529759224fc4c2af7757ee4
Desert/desert_80.jpg,desert,7,-1,target,06c5e24d85cebcb88888258cddf12f35b89bbda330dc7946ac4c4dcccc388f40
Forest/forest_61.jpg,forest,8,-1,target,9f24036e55703bda2fbbe17b2717bfe110d901df96481826b23b08d4c69a2b8a
Forest/forest_62.jpg,forest,8,-1,target,4d074ebc175450b279e1ac56e6c5dfd9c34d6fde4764be4cd2c352ffc3093465
Forest/forest_63.jpg,forest,8,-1,target,1b9ae8a3bab42f854770bf9873e17cb6e04ca488f313daab302ae85af4be2e33
Forest/forest_64.jpg,forest,8,-1,target,3896ab342983f491ab021f7bfe6a75f664d0f27e5b71de804f9f47d38c3b83cf
Forest/forest_65.jpg,forest,8,-1,target,01e45e431ffe3e063f436c76265e291b255384c6ce6a3fc1f8c375024c860c89
Forest/forest_66.jpg,forest,8,-1,target,ff4c1220bc3b7b9ad821d660de242d776f5b0e14a3bf75dafeecd0688901e7cf
Forest/forest_67.jpg,forest,8,-1,target,2310cae7793b055ffc8b781ec43c70e2973fa79d72117e64ff7be668346e0a43
Forest/forest_68.jpg,forest,8,-1,target,bc32dd87133d65386ac8c94f671e50ba095e5aa9b1be415302001b4070a7a32b
Forest/forest_69.jpg,forest,8,-1,target,e608a3624e6eb884a37e7d5def3db97ba798820b74686a5a1a817f3a749c9f24
Forest/forest_70.jpg,forest,8,-1,target,3b2ebe7c5c61ad7acad6c96441687a2d6dea51c5efce3f39e01c6762350c9554
Forest/forest_71.jpg,forest,8,-1,target,a16dd04068dd1651689437c77d805351148b4e914327b3b49949baed678fdec4
Forest/forest_72.jpg,forest,8,-1,target,a524f3ecdb8bfe02d1e4ef266c75408b1a36abd38f2f535549b4ab1190732fde
Forest/forest_73.jpg,forest,8,-1,target,99af599a0a5babf38f29cbb99acc0d71fb9d1c56be4bfc653db4dbcf5680bec6
Forest/forest_74.jpg,forest,8,-1,target,b811fcb345c286de9ab78faf5a0981187a5bfd17c9a6d4bebf06cd3f8aa8b762
Forest/forest_75.jpg,forest,8,-1,target,ac2e3fbe8e1032538935bc36eacff632315a04d05ad17fbb4b7bd3bf0e126109
Forest/forest_76.jpg,forest,8,-1,target,71d1ef37ff45349c2651cef5d0be3fb31874f100035d4b026eb7ee828e579d15
Forest/forest_77.jpg,forest,8,-1,target,db4849be82552cebe205c46ab00e643594ed66c5a10f887473ac413e660f01db
Forest/forest_78.jpg,forest,8,-1,target,0e70088a032fe7d5a06bda084536963b1eb8e0f48d53707bf45275db643922f8
Forest/forest_79.jpg,forest,8,-1,target,d3f6410b5fc7deff5fb7001c5c18c3e713ab326206baa8d46ac3ace163c4cc38
Forest/forest_80.jpg,forest,8,-1,target,e14bc910346317446b2be104c078502f8b9edc84210490b9b16e4c5c4dd72a0b
