Seed,File_Name,True_Label,Predicted_Label,Confidence,Is_Correct
13,airport_41.jpg,airport,commercial_area,0.7419,FALSE
13,airport_42.jpg,airport,church,0.6492,FALSE
13,airport_43.jpg,airport,airport,0.7257,TRUE
13,airport_44.jpg,airport,beach,0.8759,FALSE
13,airport_45.jpg,airport,beach,0.9699,FALSE
13,airport_46.jpg,airport,beach,0.9621,FALSE
13,airport_47.jpg,airport,beach,0.8501,FALSE
13,airport_48.jpg,airport,beach,0.5851,FALSE
13,airport_49.jpg,airport,commercial_area,0.4447,FALSE
13,airport_50.jpg,airport,beach,0.8022,FALSE
13,airport_51.jpg,airport,beach,0.8125,FALSE
13,airport_52.jpg,airport,beach,0.6857,FALSE
13,airport_53.jpg,airport,beach,0.8488,FALSE
13,airport_54.jpg,airport,church,0.9457,FALSE
13,airport_55.jpg,airport,beach,0.9115,FALSE
13,airport_56.jpg,airport,beach,0.9841,FALSE
13,airport_57.jpg,airport,church,0.6086,FALSE
13,airport_58.jpg,airport,church,0.9190,FALSE
13,airport_59.jpg,airport,church,0.7447,FALSE
13,airport_60.jpg,airport,desert,0.4405,FALSE
13,baseballfield_41.jpg,baseball_diamond,church,0.9293,FALSE
13,baseballfield_42.jpg,baseball_diamond,baseball_diamond,0.9927,TRUE
13,baseballfield_43.jpg,baseball_diamond,baseball_diamond,0.9954,TRUE
13,baseballfield_44.jpg,baseball_diamond,baseball_diamond,0.9963,TRUE
13,baseballfield_45.jpg,baseball_diamond,desert,0.9328,FALSE
13,baseballfield_46.jpg,baseball_diamond,baseball_diamond,0.5352,TRUE
13,baseballfield_47.jpg,baseball_diamond,baseball_diamond,0.9523,TRUE
13,baseballfield_48.jpg,baseball_diamond,baseball_diamond,0.9679,TRUE
13,baseballfield_49.jpg,baseball_diamond,baseball_diamond,0.9893,TRUE
13,baseballfield_50.jpg,baseball_diamond,baseball_diamond,0.9999,TRUE
13,baseballfield_51.jpg,baseball_diamond,baseball_diamond,0.6853,TRUE
13,baseballfield_52.jpg,baseball_diamond,baseball_diamond,0.9911,TRUE
13,baseballfield_53.jpg,baseball_diamond,baseball_diamond,0.9937,TRUE
13,baseballfield_54.jpg,baseball_diamond,baseball_diamond,0.9712,TRUE
13,baseballfield_55.jpg,baseball_diamond,baseball_diamond,0.6138,TRUE
13,baseballfield_56.jpg,baseball_diamond,desert,0.3996,FALSE
13,baseballfield_57.jpg,baseball_diamond,baseball_diamond,0.9985,TRUE
13,baseballfield_58.jpg,baseball_diamond,baseball_diamond,0.9980,TRUE
13,baseballfield_59.jpg,baseball_diamond,baseball_diamond,0.9942,TRUE
13,baseballfield_60.jpg,baseball_diamond,baseball_diamond,0.8329,TRUE
13,beach_41.jpg,beach,beach,0.9567,TRUE
13,beach_42.jpg,beach,airport,0.6466,FALSE
13,beach_43.jpg,beach,beach,0.8867,TRUE
13,beach_44.jpg,beach,beach,0.6627,TRUE
13,beach_45.jpg,beach,beach,0.9999,TRUE
13,beach_46.jpg,beach,beach,0.9999,TRUE
13,beach_47.jpg,beach,beach,0.9964,TRUE
13,beach_48.jpg,beach,beach,0.9995,TRUE
13,beach_49.jpg,beach,beach,0.9937,TRUE
13,beach_50.jpg,beach,beach,0.9942,TRUE
13,beach_51.jpg,beach,beach,0.9999,TRUE
13,beach_52.jpg,beach,beach,0.9999,TRUE
13,beach_53.jpg,beach,beach,0.8195,TRUE
13,beach_54.jpg,beach,beach,0.9023,TRUE
13,beach_55.jpg,beach,desert,0.6029,FALSE
13,beach_56.jpg,beach,beach,0.9978,TRUE
13,beach_57.jpg,beach,beach,0.8827,TRUE
13,beach_58.jpg,beach,beach,0.9455,TRUE
13,beach_59.jpg,beach,beach,0.9926,TRUE
13,beach_60.jpg,beach,beach,0.9850,TRUE
13,bridge_41.jpg,bridge,beach,0.9999,FALSE
13,bridge_42.jpg,bridge,beach,1.0000,FALSE
13,bridge_43.jpg,bridge,beach,0.6830,FALSE
13,bridge_44.jpg,bridge,beach,0.9883,FALSE
13,bridge_45.jpg,bridge,bridge,0.8190,TRUE
13,bridge_46.jpg,bridge,beach,0.7734,FALSE
13,bridge_47.jpg,bridge,desert,0.3489,FALSE
13,bridge_48.jpg,bridge,baseball_diamond,0.7728,FALSE
13,bridge_49.jpg,bridge,beach,0.9981,FALSE
13,bridge_50.jpg,bridge,baseball_diamond,0.9588,FALSE
13,bridge_51.jpg,bridge,baseball_diamond,0.8918,FALSE
13,bridge_52.jpg,bridge,bridge,0.9660,TRUE
13,bridge_53.jpg,bridge,bridge,0.8971,TRUE
13,bridge_54.jpg,bridge,bridge,0.9666,TRUE
13,bridge_55.jpg,bridge,bridge,0.6343,TRUE
13,bridge_56.jpg,bridge,bridge,0.6465,TRUE
13,bridge_57.jpg,bridge,commercial_area,0.4535,FALSE
13,bridge_58.jpg,bridge,beach,0.9227,FALSE
13,bridge_59.jpg,bridge,beach,0.7471,FALSE
13,bridge_60.jpg,bridge,beach,0.9848,FALSE
13,church_41.jpg,church,church,0.9872,TRUE
13,church_42.jpg,church,church,0.9661,TRUE
13,church_43.jpg,church,church,0.8126,TRUE
13,church_44.jpg,church,church,0.9959,TRUE
13,church_45.jpg,church,church,0.9983,TRUE
13,church_46.jpg,church,church,0.9984,TRUE
13,church_47.jpg,church,church,0.9785,TRUE
13,church_48.jpg,church,church,0.9933,TRUE
13,church_49.jpg,church,church,0.9938,TRUE
13,church_50.jpg,church,church,0.9835,TRUE
13,church_51.jpg,church,commercial_area,0.4972,FALSE
13,church_52.jpg,church,church,0.6266,TRUE
13,church_53.jpg,church,commercial_area,0.6805,FALSE
13,church_54.jpg,church,commercial_area,0.6492,FALSE
13,church_55.jpg,church,bridge,0.9111,FALSE
13,church_56.jpg,church,church,0.8692,TRUE
13,church_57.jpg,church,church,0.6797,TRUE
13,church_58.jpg,church,church,0.4060,TRUE
13,church_59.jpg,church,commercial_area,0.6880,FALSE
13,church_60.jpg,church,commercial_area,0.7253,FALSE
13,commercial_41.jpg,commercial_area,commercial_area,0.9016,TRUE
13,commercial_42.jpg,commercial_area,commercial_area,0.8919,TRUE
13,commercial_43.jpg,commercial_area,commercial_area,0.8959,TRUE
13,commercial_44.jpg,commercial_area,commercial_area,0.7687,TRUE
13,commercial_45.jpg,commercial_area,commercial_area,0.9188,TRUE
13,commercial_46.jpg,commercial_area,dense_residential,0.7806,FALSE
13,commercial_47.jpg,commercial_area,commercial_area,0.8373,TRUE
13,commercial_48.jpg,commercial_area,commercial_area,0.6781,TRUE
13,commercial_49.jpg,commercial_area,commercial_area,0.9883,TRUE
13,commercial_50.jpg,commercial_area,commercial_area,0.8921,TRUE
13,commercial_51.jpg,commercial_area,commercial_area,0.7901,TRUE
13,commercial_52.jpg,commercial_area,commercial_area,0.8596,TRUE
13,commercial_53.jpg,commercial_area,church,0.5154,FALSE
13,commercial_54.jpg,commercial_area,commercial_area,0.8625,TRUE
13,commercial_55.jpg,commercial_area,dense_residential,0.2598,FALSE
13,commercial_56.jpg,commercial_area,dense_residential,0.5252,FALSE
13,commercial_57.jpg,commercial_area,dense_residential,0.8856,FALSE
13,commercial_58.jpg,commercial_area,commercial_area,0.7165,TRUE
13,commercial_59.jpg,commercial_area,commercial_area,0.6684,TRUE
13,commercial_60.jpg,commercial_area,dense_residential,0.5693,FALSE
13,denseresidential_41.jpg,dense_residential,dense_residential,0.9514,TRUE
13,denseresidential_42.jpg,dense_residential,dense_residential,0.8895,TRUE
13,denseresidential_43.jpg,dense_residential,dense_residential,0.9321,TRUE
13,denseresidential_44.jpg,dense_residential,dense_residential,0.6448,TRUE
13,denseresidential_45.jpg,dense_residential,desert,0.7979,FALSE
13,denseresidential_46.jpg,dense_residential,dense_residential,0.5435,TRUE
13,denseresidential_47.jpg,dense_residential,dense_residential,0.9201,TRUE
13,denseresidential_48.jpg,dense_residential,church,0.5631,FALSE
13,denseresidential_49.jpg,dense_residential,dense_residential,0.9752,TRUE
13,denseresidential_50.jpg,dense_residential,dense_residential,0.5725,TRUE
13,denseresidential_51.jpg,dense_residential,church,0.8295,FALSE
13,denseresidential_52.jpg,dense_residential,commercial_area,0.9384,FALSE
13,denseresidential_53.jpg,dense_residential,airport,0.6966,FALSE
13,denseresidential_54.jpg,dense_residential,dense_residential,0.9405,TRUE
13,denseresidential_55.jpg,dense_residential,commercial_area,0.7757,FALSE
13,denseresidential_56.jpg,dense_residential,dense_residential,0.9750,TRUE
13,denseresidential_57.jpg,dense_residential,commercial_area,0.5617,FALSE
13,denseresidential_58.jpg,dense_residential,church,0.5607,FALSE
13,denseresidential_59.jpg,dense_residential,desert,0.6893,FALSE
13,denseresidential_60.jpg,dense_residential,commercial_area,0.8429,FALSE
13,desert_41.jpg,desert,desert,0.9998,TRUE
13,desert_42.jpg,desert,desert,0.9994,TRUE
13,desert_43.jpg,desert,desert,0.9990,TRUE
13,desert_44.jpg,desert,desert,0.9974,TRUE
13,desert_45.jpg,desert,desert,0.9989,TRUE
13,desert_46.jpg,desert,desert,0.9983,TRUE
13,desert_47.jpg,desert,desert,0.9998,TRUE
13,desert_48.jpg,desert,desert,0.9978,TRUE
13,desert_49.jpg,desert,desert,0.9975,TRUE
13,desert_50.jpg,desert,desert,0.9990,TRUE
13,desert_51.jpg,desert,desert,0.9985,TRUE
13,desert_52.jpg,desert,desert,0.9922,TRUE
13,desert_53.jpg,desert,desert,0.9891,TRUE
13,desert_54.jpg,desert,desert,0.9968,TRUE
13,desert_55.jpg,desert,desert,0.9996,TRUE
13,desert_56.jpg,desert,desert,0.9989,TRUE
13,desert_57.jpg,desert,desert,0.9982,TRUE
13,desert_58.jpg,desert,desert,0.9967,TRUE
13,desert_59.jpg,desert,desert,0.9994,TRUE
13,desert_60.jpg,desert,desert,0.9986,TRUE
13,forest_41.jpg,forest,forest,0.9995,TRUE
13,forest_42.jpg,forest,airport,0.5879,FALSE
13,forest_43.jpg,forest,beach,0.9983,FALSE
13,forest_44.jpg,forest,beach,0.9812,FALSE
13,forest_45.jpg,forest,beach,0.9980,FALSE
13,forest_46.jpg,forest,beach,1.0000,FALSE
13,forest_47.jpg,forest,beach,0.9977,FALSE
13,forest_48.jpg,forest,beach,0.9997,FALSE
13,forest_49.jpg,forest,beach,0.9994,FALSE
13,forest_50.jpg,forest,beach,0.2626,FALSE
13,forest_51.jpg,forest,airport,0.6236,FALSE
13,forest_52.jpg,forest,dense_residential,0.6820,FALSE
13,forest_53.jpg,forest,beach,0.9999,FALSE
13,forest_54.jpg,forest,beach,0.9999,FALSE
13,forest_55.jpg,forest,forest,0.8728,TRUE
13,forest_56.jpg,forest,dense_residential,0.9552,FALSE
13,forest_57.jpg,forest,forest,0.9999,TRUE
13,forest_58.jpg,forest,beach,0.9999,FALSE
13,forest_59.jpg,forest,forest,0.4111,TRUE
13,forest_60.jpg,forest,forest,0.9976,TRUE
37,airport_41.jpg,airport,commercial_area,0.8262,FALSE
37,airport_42.jpg,airport,church,0.7649,FALSE
37,airport_43.jpg,airport,church,0.5664,FALSE
37,airport_44.jpg,airport,beach,0.4620,FALSE
37,airport_45.jpg,airport,beach,0.8869,FALSE
37,airport_46.jpg,airport,beach,0.8973,FALSE
37,airport_47.jpg,airport,beach,0.6290,FALSE
37,airport_48.jpg,airport,church,0.7676,FALSE
37,airport_49.jpg,airport,commercial_area,0.5463,FALSE
37,airport_50.jpg,airport,church,0.8445,FALSE
37,airport_51.jpg,airport,beach,0.5017,FALSE
37,airport_52.jpg,airport,church,0.8748,FALSE
37,airport_53.jpg,airport,church,0.5586,FALSE
37,airport_54.jpg,airport,church,0.9754,FALSE
37,airport_55.jpg,airport,beach,0.8236,FALSE
37,airport_56.jpg,airport,beach,0.9269,FALSE
37,airport_57.jpg,airport,church,0.7737,FALSE
37,airport_58.jpg,airport,church,0.8681,FALSE
37,airport_59.jpg,airport,church,0.8717,FALSE
37,airport_60.jpg,airport,desert,0.7336,FALSE
37,baseballfield_41.jpg,baseball_diamond,church,0.8520,FALSE
37,baseballfield_42.jpg,baseball_diamond,baseball_diamond,0.9952,TRUE
37,baseballfield_43.jpg,baseball_diamond,baseball_diamond,0.5543,TRUE
37,baseballfield_44.jpg,baseball_diamond,desert,0.7926,FALSE
37,baseballfield_45.jpg,baseball_diamond,desert,0.9893,FALSE
37,baseballfield_46.jpg,baseball_diamond,desert,0.3767,FALSE
37,baseballfield_47.jpg,baseball_diamond,baseball_diamond,0.9829,TRUE
37,baseballfield_48.jpg,baseball_diamond,baseball_diamond,0.9886,TRUE
37,baseballfield_49.jpg,baseball_diamond,baseball_diamond,0.9997,TRUE
37,baseballfield_50.jpg,baseball_diamond,baseball_diamond,0.9999,TRUE
37,baseballfield_51.jpg,baseball_diamond,baseball_diamond,0.8961,TRUE
37,baseballfield_52.jpg,baseball_diamond,baseball_diamond,0.7941,TRUE
37,baseballfield_53.jpg,baseball_diamond,baseball_diamond,0.8692,TRUE
37,baseballfield_54.jpg,baseball_diamond,baseball_diamond,0.9097,TRUE
37,baseballfield_55.jpg,baseball_diamond,baseball_diamond,0.9553,TRUE
37,baseballfield_56.jpg,baseball_diamond,church,0.5668,FALSE
37,baseballfield_57.jpg,baseball_diamond,baseball_diamond,0.9890,TRUE
37,baseballfield_58.jpg,baseball_diamond,baseball_diamond,0.9990,TRUE
37,baseballfield_59.jpg,baseball_diamond,baseball_diamond,0.9614,TRUE
37,baseballfield_60.jpg,baseball_diamond,baseball_diamond,0.5503,TRUE
37,beach_41.jpg,beach,beach,0.9549,TRUE
37,beach_42.jpg,beach,beach,0.6545,TRUE
37,beach_43.jpg,beach,beach,0.8597,TRUE
37,beach_44.jpg,beach,beach,0.9958,TRUE
37,beach_45.jpg,beach,beach,0.9326,TRUE
37,beach_46.jpg,beach,beach,0.9477,TRUE
37,beach_47.jpg,beach,beach,0.9383,TRUE
37,beach_48.jpg,beach,beach,0.9668,TRUE
37,beach_49.jpg,beach,beach,0.9208,TRUE
37,beach_50.jpg,beach,beach,0.6065,TRUE
37,beach_51.jpg,beach,beach,0.9690,TRUE
37,beach_52.jpg,beach,beach,0.9872,TRUE
37,beach_53.jpg,beach,desert,0.7914,FALSE
37,beach_54.jpg,beach,desert,0.7011,FALSE
37,beach_55.jpg,beach,desert,0.5387,FALSE
37,beach_56.jpg,beach,beach,0.9959,TRUE
37,beach_57.jpg,beach,beach,0.9071,TRUE
37,beach_58.jpg,beach,beach,0.8870,TRUE
37,beach_59.jpg,beach,beach,0.9935,TRUE
37,beach_60.jpg,beach,beach,0.9320,TRUE
37,bridge_41.jpg,bridge,beach,0.9975,FALSE
37,bridge_42.jpg,bridge,beach,0.9965,FALSE
37,bridge_43.jpg,bridge,beach,0.9385,FALSE
37,bridge_44.jpg,bridge,beach,0.9917,FALSE
37,bridge_45.jpg,bridge,beach,0.9225,FALSE
37,bridge_46.jpg,bridge,beach,0.5481,FALSE
37,bridge_47.jpg,bridge,beach,0.5379,FALSE
37,bridge_48.jpg,bridge,baseball_diamond,0.6652,FALSE
37,bridge_49.jpg,bridge,beach,0.9870,FALSE
37,bridge_50.jpg,bridge,baseball_diamond,0.8068,FALSE
37,bridge_51.jpg,bridge,bridge,0.4396,TRUE
37,bridge_52.jpg,bridge,bridge,0.9168,TRUE
37,bridge_53.jpg,bridge,bridge,0.9510,TRUE
37,bridge_54.jpg,bridge,bridge,0.9635,TRUE
37,bridge_55.jpg,bridge,commercial_area,0.5416,FALSE
37,bridge_56.jpg,bridge,commercial_area,0.9558,FALSE
37,bridge_57.jpg,bridge,commercial_area,0.9640,FALSE
37,bridge_58.jpg,bridge,beach,0.9203,FALSE
37,bridge_59.jpg,bridge,beach,0.9406,FALSE
37,bridge_60.jpg,bridge,beach,0.9968,FALSE
37,church_41.jpg,church,church,0.9897,TRUE
37,church_42.jpg,church,church,0.9631,TRUE
37,church_43.jpg,church,church,0.7809,TRUE
37,church_44.jpg,church,church,0.9907,TRUE
37,church_45.jpg,church,church,0.9881,TRUE
37,church_46.jpg,church,church,0.9497,TRUE
37,church_47.jpg,church,church,0.9081,TRUE
37,church_48.jpg,church,church,0.9710,TRUE
37,church_49.jpg,church,church,0.9513,TRUE
37,church_50.jpg,church,church,0.9895,TRUE
37,church_51.jpg,church,commercial_area,0.8575,FALSE
37,church_52.jpg,church,commercial_area,0.7078,FALSE
37,church_53.jpg,church,commercial_area,0.7917,FALSE
37,church_54.jpg,church,commercial_area,0.8452,FALSE
37,church_55.jpg,church,commercial_area,0.5103,FALSE
37,church_56.jpg,church,church,0.8090,TRUE
37,church_57.jpg,church,commercial_area,0.7796,FALSE
37,church_58.jpg,church,bridge,0.4526,FALSE
37,church_59.jpg,church,commercial_area,0.8966,FALSE
37,church_60.jpg,church,commercial_area,0.7902,FALSE
37,commercial_41.jpg,commercial_area,commercial_area,0.9621,TRUE
37,commercial_42.jpg,commercial_area,commercial_area,0.9870,TRUE
37,commercial_43.jpg,commercial_area,commercial_area,0.9286,TRUE
37,commercial_44.jpg,commercial_area,commercial_area,0.9584,TRUE
37,commercial_45.jpg,commercial_area,commercial_area,0.9550,TRUE
37,commercial_46.jpg,commercial_area,dense_residential,0.4297,FALSE
37,commercial_47.jpg,commercial_area,commercial_area,0.9762,TRUE
37,commercial_48.jpg,commercial_area,commercial_area,0.7986,TRUE
37,commercial_49.jpg,commercial_area,commercial_area,0.9976,TRUE
37,commercial_50.jpg,commercial_area,commercial_area,0.9021,TRUE
37,commercial_51.jpg,commercial_area,commercial_area,0.9218,TRUE
37,commercial_52.jpg,commercial_area,commercial_area,0.9375,TRUE
37,commercial_53.jpg,commercial_area,church,0.5318,FALSE
37,commercial_54.jpg,commercial_area,commercial_area,0.4984,TRUE
37,commercial_55.jpg,commercial_area,church,0.6436,FALSE
37,commercial_56.jpg,commercial_area,commercial_area,0.5006,TRUE
37,commercial_57.jpg,commercial_area,commercial_area,0.5390,TRUE
37,commercial_58.jpg,commercial_area,commercial_area,0.7839,TRUE
37,commercial_59.jpg,commercial_area,commercial_area,0.4908,TRUE
37,commercial_60.jpg,commercial_area,commercial_area,0.8567,TRUE
37,denseresidential_41.jpg,dense_residential,dense_residential,0.8715,TRUE
37,denseresidential_42.jpg,dense_residential,church,0.9181,FALSE
37,denseresidential_43.jpg,dense_residential,dense_residential,0.7695,TRUE
37,denseresidential_44.jpg,dense_residential,church,0.5412,FALSE
37,denseresidential_45.jpg,dense_residential,church,0.6202,FALSE
37,denseresidential_46.jpg,dense_residential,commercial_area,0.7416,FALSE
37,denseresidential_47.jpg,dense_residential,commercial_area,0.9258,FALSE
37,denseresidential_48.jpg,dense_residential,commercial_area,0.7763,FALSE
37,denseresidential_49.jpg,dense_residential,church,0.7621,FALSE
37,denseresidential_50.jpg,dense_residential,church,0.8427,FALSE
37,denseresidential_51.jpg,dense_residential,church,0.5124,FALSE
37,denseresidential_52.jpg,dense_residential,commercial_area,0.9989,FALSE
37,denseresidential_53.jpg,dense_residential,airport,0.9528,FALSE
37,denseresidential_54.jpg,dense_residential,dense_residential,0.5979,TRUE
37,denseresidential_55.jpg,dense_residential,commercial_area,0.9942,FALSE
37,denseresidential_56.jpg,dense_residential,dense_residential,0.9285,TRUE
37,denseresidential_57.jpg,dense_residential,commercial_area,0.9937,FALSE
37,denseresidential_58.jpg,dense_residential,church,0.9403,FALSE
37,denseresidential_59.jpg,dense_residential,church,0.9864,FALSE
37,denseresidential_60.jpg,dense_residential,commercial_area,0.9909,FALSE
37,desert_41.jpg,desert,desert,0.9996,TRUE
37,desert_42.jpg,desert,desert,0.9991,TRUE
37,desert_43.jpg,desert,desert,0.9993,TRUE
37,desert_44.jpg,desert,desert,0.9992,TRUE
37,desert_45.jpg,desert,desert,0.9996,TRUE
37,desert_46.jpg,desert,desert,0.9997,TRUE
37,desert_47.jpg,desert,desert,0.9999,TRUE
37,desert_48.jpg,desert,desert,0.9997,TRUE
37,desert_49.jpg,desert,desert,0.9357,TRUE
37,desert_50.jpg,desert,desert,0.9980,TRUE
37,desert_51.jpg,desert,desert,0.9983,TRUE
37,desert_52.jpg,desert,beach,0.5925,FALSE
37,desert_53.jpg,desert,beach,0.7693,FALSE
37,desert_54.jpg,desert,desert,0.9954,TRUE
37,desert_55.jpg,desert,desert,0.9998,TRUE
37,desert_56.jpg,desert,desert,0.9992,TRUE
37,desert_57.jpg,desert,desert,0.9975,TRUE
37,desert_58.jpg,desert,desert,0.9916,TRUE
37,desert_59.jpg,desert,desert,0.9999,TRUE
37,desert_60.jpg,desert,beach,0.8403,FALSE
37,forest_41.jpg,forest,forest,0.9961,TRUE
37,forest_42.jpg,forest,beach,0.9641,FALSE
37,forest_43.jpg,forest,beach,0.9970,FALSE
37,forest_44.jpg,forest,beach,0.9914,FALSE
37,forest_45.jpg,forest,beach,0.9947,FALSE
37,forest_46.jpg,forest,beach,0.8864,FALSE
37,forest_47.jpg,forest,beach,0.9923,FALSE
37,forest_48.jpg,forest,beach,0.9915,FALSE
37,forest_49.jpg,forest,beach,0.9856,FALSE
37,forest_50.jpg,forest,beach,0.9373,FALSE
37,forest_51.jpg,forest,beach,0.9818,FALSE
37,forest_52.jpg,forest,dense_residential,0.6525,FALSE
37,forest_53.jpg,forest,beach,0.9994,FALSE
37,forest_54.jpg,forest,beach,0.9994,FALSE
37,forest_55.jpg,forest,church,0.8200,FALSE
37,forest_56.jpg,forest,commercial_area,0.7252,FALSE
37,forest_57.jpg,forest,forest,0.7833,TRUE
37,forest_58.jpg,forest,beach,0.9798,FALSE
37,forest_59.jpg,forest,airport,0.7167,FALSE
37,forest_60.jpg,forest,forest,0.9850,TRUE
73,airport_41.jpg,airport,church,0.7561,FALSE
73,airport_42.jpg,airport,church,0.9237,FALSE
73,airport_43.jpg,airport,church,0.5615,FALSE
73,airport_44.jpg,airport,beach,0.9146,FALSE
73,airport_45.jpg,airport,beach,0.9890,FALSE
73,airport_46.jpg,airport,beach,0.9829,FALSE
73,airport_47.jpg,airport,beach,0.8903,FALSE
73,airport_48.jpg,airport,beach,0.7635,FALSE
73,airport_49.jpg,airport,church,0.5990,FALSE
73,airport_50.jpg,airport,church,0.7902,FALSE
73,airport_51.jpg,airport,beach,0.8393,FALSE
73,airport_52.jpg,airport,church,0.9338,FALSE
73,airport_53.jpg,airport,beach,0.6136,FALSE
73,airport_54.jpg,airport,church,0.9857,FALSE
73,airport_55.jpg,airport,beach,0.9476,FALSE
73,airport_56.jpg,airport,beach,0.9893,FALSE
73,airport_57.jpg,airport,church,0.9281,FALSE
73,airport_58.jpg,airport,church,0.7967,FALSE
73,airport_59.jpg,airport,church,0.8765,FALSE
73,airport_60.jpg,airport,beach,0.6309,FALSE
73,baseballfield_41.jpg,baseball_diamond,baseball_diamond,0.9918,TRUE
73,baseballfield_42.jpg,baseball_diamond,baseball_diamond,1.0000,TRUE
73,baseballfield_43.jpg,baseball_diamond,baseball_diamond,0.8948,TRUE
73,baseballfield_44.jpg,baseball_diamond,baseball_diamond,0.9227,TRUE
73,baseballfield_45.jpg,baseball_diamond,desert,0.9115,FALSE
73,baseballfield_46.jpg,baseball_diamond,baseball_diamond,0.9698,TRUE
73,baseballfield_47.jpg,baseball_diamond,baseball_diamond,0.9994,TRUE
73,baseballfield_48.jpg,baseball_diamond,baseball_diamond,0.9999,TRUE
73,baseballfield_49.jpg,baseball_diamond,baseball_diamond,0.9999,TRUE
73,baseballfield_50.jpg,baseball_diamond,baseball_diamond,1.0000,TRUE
73,baseballfield_51.jpg,baseball_diamond,baseball_diamond,0.8848,TRUE
73,baseballfield_52.jpg,baseball_diamond,baseball_diamond,0.6010,TRUE
73,baseballfield_53.jpg,baseball_diamond,desert,0.3951,FALSE
73,baseballfield_54.jpg,baseball_diamond,baseball_diamond,0.9868,TRUE
73,baseballfield_55.jpg,baseball_diamond,baseball_diamond,0.9368,TRUE
73,baseballfield_56.jpg,baseball_diamond,beach,0.3846,FALSE
73,baseballfield_57.jpg,baseball_diamond,baseball_diamond,0.9994,TRUE
73,baseballfield_58.jpg,baseball_diamond,baseball_diamond,0.9999,TRUE
73,baseballfield_59.jpg,baseball_diamond,baseball_diamond,0.5396,TRUE
73,baseballfield_60.jpg,baseball_diamond,baseball_diamond,0.8585,TRUE
73,beach_41.jpg,beach,beach,0.9981,TRUE
73,beach_42.jpg,beach,beach,0.9485,TRUE
73,beach_43.jpg,beach,beach,0.9886,TRUE
73,beach_44.jpg,beach,beach,0.9961,TRUE
73,beach_45.jpg,beach,beach,0.9999,TRUE
73,beach_46.jpg,beach,beach,0.9999,TRUE
73,beach_47.jpg,beach,beach,0.9996,TRUE
73,beach_48.jpg,beach,beach,1.0000,TRUE
73,beach_49.jpg,beach,beach,0.9998,TRUE
73,beach_50.jpg,beach,beach,0.9997,TRUE
73,beach_51.jpg,beach,beach,0.9999,TRUE
73,beach_52.jpg,beach,beach,0.9996,TRUE
73,beach_53.jpg,beach,beach,0.9973,TRUE
73,beach_54.jpg,beach,beach,0.9964,TRUE
73,beach_55.jpg,beach,beach,0.8578,TRUE
73,beach_56.jpg,beach,beach,1.0000,TRUE
73,beach_57.jpg,beach,beach,0.9985,TRUE
73,beach_58.jpg,beach,beach,0.9929,TRUE
73,beach_59.jpg,beach,beach,0.9999,TRUE
73,beach_60.jpg,beach,beach,0.9990,TRUE
73,bridge_41.jpg,bridge,beach,0.9995,FALSE
73,bridge_42.jpg,bridge,beach,0.9999,FALSE
73,bridge_43.jpg,bridge,beach,0.9899,FALSE
73,bridge_44.jpg,bridge,beach,0.9523,FALSE
73,bridge_45.jpg,bridge,bridge,0.7206,TRUE
73,bridge_46.jpg,bridge,bridge,0.5758,TRUE
73,bridge_47.jpg,bridge,baseball_diamond,0.8790,FALSE
73,bridge_48.jpg,bridge,baseball_diamond,0.8096,FALSE
73,bridge_49.jpg,bridge,beach,0.9981,FALSE
73,bridge_50.jpg,bridge,church,0.6685,FALSE
73,bridge_51.jpg,bridge,church,0.8070,FALSE
73,bridge_52.jpg,bridge,bridge,0.9400,TRUE
73,bridge_53.jpg,bridge,bridge,0.8953,TRUE
73,bridge_54.jpg,bridge,bridge,0.9916,TRUE
73,bridge_55.jpg,bridge,church,0.9632,FALSE
73,bridge_56.jpg,bridge,church,0.9415,FALSE
73,bridge_57.jpg,bridge,church,0.9596,FALSE
73,bridge_58.jpg,bridge,beach,0.9025,FALSE
73,bridge_59.jpg,bridge,beach,0.9323,FALSE
73,bridge_60.jpg,bridge,beach,0.9996,FALSE
73,church_41.jpg,church,church,0.9944,TRUE
73,church_42.jpg,church,church,0.6977,TRUE
73,church_43.jpg,church,church,0.9496,TRUE
73,church_44.jpg,church,church,0.9943,TRUE
73,church_45.jpg,church,church,0.9736,TRUE
73,church_46.jpg,church,church,0.9888,TRUE
73,church_47.jpg,church,church,0.9954,TRUE
73,church_48.jpg,church,church,0.9980,TRUE
73,church_49.jpg,church,church,0.9962,TRUE
73,church_50.jpg,church,church,0.9922,TRUE
73,church_51.jpg,church,commercial_area,0.6034,FALSE
73,church_52.jpg,church,church,0.7749,TRUE
73,church_53.jpg,church,commercial_area,0.6736,FALSE
73,church_54.jpg,church,commercial_area,0.7736,FALSE
73,church_55.jpg,church,commercial_area,0.6167,FALSE
73,church_56.jpg,church,church,0.8172,TRUE
73,church_57.jpg,church,church,0.7140,TRUE
73,church_58.jpg,church,church,0.8491,TRUE
73,church_59.jpg,church,commercial_area,0.5697,FALSE
73,church_60.jpg,church,commercial_area,0.7563,FALSE
73,commercial_41.jpg,commercial_area,commercial_area,0.7995,TRUE
73,commercial_42.jpg,commercial_area,commercial_area,0.8929,TRUE
73,commercial_43.jpg,commercial_area,commercial_area,0.4655,TRUE
73,commercial_44.jpg,commercial_area,commercial_area,0.4348,TRUE
73,commercial_45.jpg,commercial_area,commercial_area,0.9474,TRUE
73,commercial_46.jpg,commercial_area,commercial_area,0.4322,TRUE
73,commercial_47.jpg,commercial_area,commercial_area,0.5271,TRUE
73,commercial_48.jpg,commercial_area,church,0.4951,FALSE
73,commercial_49.jpg,commercial_area,commercial_area,0.9484,TRUE
73,commercial_50.jpg,commercial_area,commercial_area,0.9589,TRUE
73,commercial_51.jpg,commercial_area,commercial_area,0.7221,TRUE
73,commercial_52.jpg,commercial_area,commercial_area,0.9136,TRUE
73,commercial_53.jpg,commercial_area,church,0.6680,FALSE
73,commercial_54.jpg,commercial_area,commercial_area,0.8028,TRUE
73,commercial_55.jpg,commercial_area,church,0.2562,FALSE
73,commercial_56.jpg,commercial_area,dense_residential,0.7656,FALSE
73,commercial_57.jpg,commercial_area,dense_residential,0.4610,FALSE
73,commercial_58.jpg,commercial_area,commercial_area,0.5630,TRUE
73,commercial_59.jpg,commercial_area,commercial_area,0.5906,TRUE
73,commercial_60.jpg,commercial_area,dense_residential,0.7814,FALSE
73,denseresidential_41.jpg,dense_residential,dense_residential,0.9744,TRUE
73,denseresidential_42.jpg,dense_residential,dense_residential,0.8245,TRUE
73,denseresidential_43.jpg,dense_residential,dense_residential,0.9568,TRUE
73,denseresidential_44.jpg,dense_residential,dense_residential,0.9870,TRUE
73,denseresidential_45.jpg,dense_residential,desert,0.9766,FALSE
73,denseresidential_46.jpg,dense_residential,dense_residential,0.8654,TRUE
73,denseresidential_47.jpg,dense_residential,dense_residential,0.9901,TRUE
73,denseresidential_48.jpg,dense_residential,dense_residential,0.9079,TRUE
73,denseresidential_49.jpg,dense_residential,dense_residential,0.9825,TRUE
73,denseresidential_50.jpg,dense_residential,dense_residential,0.5641,TRUE
73,denseresidential_51.jpg,dense_residential,church,0.8370,FALSE
73,denseresidential_52.jpg,dense_residential,commercial_area,0.8504,FALSE
73,denseresidential_53.jpg,dense_residential,airport,0.9510,FALSE
73,denseresidential_54.jpg,dense_residential,airport,0.6709,FALSE
73,denseresidential_55.jpg,dense_residential,commercial_area,0.8552,FALSE
73,denseresidential_56.jpg,dense_residential,dense_residential,0.9909,TRUE
73,denseresidential_57.jpg,dense_residential,dense_residential,0.9929,TRUE
73,denseresidential_58.jpg,dense_residential,desert,0.9760,FALSE
73,denseresidential_59.jpg,dense_residential,desert,0.9950,FALSE
73,denseresidential_60.jpg,dense_residential,commercial_area,0.7681,FALSE
73,desert_41.jpg,desert,desert,0.9980,TRUE
73,desert_42.jpg,desert,desert,0.9974,TRUE
73,desert_43.jpg,desert,desert,0.9964,TRUE
73,desert_44.jpg,desert,desert,0.9658,TRUE
73,desert_45.jpg,desert,desert,0.9824,TRUE
73,desert_46.jpg,desert,desert,0.9893,TRUE
73,desert_47.jpg,desert,desert,0.9995,TRUE
73,desert_48.jpg,desert,desert,0.9753,TRUE
73,desert_49.jpg,desert,desert,0.7481,TRUE
73,desert_50.jpg,desert,desert,0.9743,TRUE
73,desert_51.jpg,desert,desert,0.9607,TRUE
73,desert_52.jpg,desert,desert,0.7734,TRUE
73,desert_53.jpg,desert,beach,0.5143,FALSE
73,desert_54.jpg,desert,desert,0.9847,TRUE
73,desert_55.jpg,desert,desert,0.9971,TRUE
73,desert_56.jpg,desert,desert,0.9795,TRUE
73,desert_57.jpg,desert,desert,0.9818,TRUE
73,desert_58.jpg,desert,desert,0.9567,TRUE
73,desert_59.jpg,desert,desert,0.9968,TRUE
73,desert_60.jpg,desert,desert,0.6139,TRUE
73,forest_41.jpg,forest,forest,0.9905,TRUE
73,forest_42.jpg,forest,beach,0.9990,FALSE
73,forest_43.jpg,forest,beach,0.9999,FALSE
73,forest_44.jpg,forest,beach,0.9997,FALSE
73,forest_45.jpg,forest,beach,1.0000,FALSE
73,forest_46.jpg,forest,beach,1.0000,FALSE
73,forest_47.jpg,forest,beach,1.0000,FALSE
73,forest_48.jpg,forest,beach,1.0000,FALSE
73,forest_49.jpg,forest,beach,1.0000,FALSE
73,forest_50.jpg,forest,beach,0.9983,FALSE
73,forest_51.jpg,forest,beach,0.9533,FALSE
73,forest_52.jpg,forest,commercial_area,0.7840,FALSE
73,forest_53.jpg,forest,beach,1.0000,FALSE
73,forest_54.jpg,forest,beach,1.0000,FALSE
73,forest_55.jpg,forest,church,0.8499,FALSE
73,forest_56.jpg,forest,commercial_area,0.5836,FALSE
73,forest_57.jpg,forest,church,0.5357,FALSE
73,forest_58.jpg,forest,beach,1.0000,FALSE
73,forest_59.jpg,forest,bridge,0.5749,FALSE
73,forest_60.jpg,forest,forest,0.6264,TRUE
